,Unnamed: 0,name,ratings,displayNam,phone_numbers,nationalPhoneNumber,opening_hours_list,category,formattedAddress
0,0,Ù…Ø­Ù„ Ø­Ø§Ù„Ø© Ù…Ù†Ø®ÙØ¶Ø©,(5â­) Good food - a year ago | (5â­) Goodâ¤ï¸ - 11 months ago,Othaim watch repair shop,+966 50 201 1248,050 201 1248,N/A,N/A,"Eastern ring road, MQWG+2F2ØŒ Ù…Ø®Ø±Ø¬ 14ØŒ Ø§Ù„Ø±ÙˆØ§Ø¨ÙŠØŒ Ø§Ù„Ø±ÙŠØ§Ø¶ 14215, Saudi Arabia"
1,1,Ø¨Ù†Ùƒ Ø§Ù„Ø¯Ù… - Ø§Ù„Ø¹Ø«ÙŠÙ… Ù…ÙˆÙ„,(5â­) Good food - a year ago | (5â­) Goodâ¤ï¸ - 11 months ago,Othaim watch repair shop,+966 50 201 1248,050 201 1248,N/A,N/A,"Eastern ring road, MQWG+2F2ØŒ Ù…Ø®Ø±Ø¬ 14ØŒ Ø§Ù„Ø±ÙˆØ§Ø¨ÙŠØŒ Ø§Ù„Ø±ÙŠØ§Ø¶ 14215, Saudi Arabia"
2,2,Ù…Ø¬ÙˆÙ‡Ø±Ø§Øª Ø£Ø¨Ø­Ø± Abhur Jewellery,No Reviews,Eastern Ring Branch Road & Exit 14,N/A,N/A,N/A,intersection,"Eastern Ring Branch Road & Exit 14, Ar Rabwah, Riyadh 12824, Saudi Arabia"
3,3,Riyad Bank ATM,(5â­) Good food - a year ago | (5â­) Goodâ¤ï¸ - 11 months ago,Othaim watch repair shop,+966 50 201 1248,050 201 1248,N/A,N/A,"Eastern ring road, MQWG+2F2ØŒ Ù…Ø®Ø±Ø¬ 14ØŒ Ø§Ù„Ø±ÙˆØ§Ø¨ÙŠØŒ Ø§Ù„Ø±ÙŠØ§Ø¶ 14215, Saudi Arabia"
4,4,Ø§Ù„ÙˆÙŠØ¨ Ø§Ù„Ø´Ø±Ù‚ÙŠ,(5â­) Good food - a year ago | (5â­) Goodâ¤ï¸ - 11 months ago,Othaim watch repair shop,+966 50 201 1248,050 201 1248,N/A,N/A,"Eastern ring road, MQWG+2F2ØŒ Ù…Ø®Ø±Ø¬ 14ØŒ Ø§Ù„Ø±ÙˆØ§Ø¨ÙŠØŒ Ø§Ù„Ø±ÙŠØ§Ø¶ 14215, Saudi Arabia"
5,5,Ø¯Ø§ÙŠØ¨Ø±Øº/ÙƒØ±Ù†,(5â­) Good food - a year ago | (5â­) Goodâ¤ï¸ - 11 months ago,Othaim watch repair shop,+966 50 201 1248,050 201 1248,N/A,N/A,"Eastern ring road, MQWG+2F2ØŒ Ù…Ø®Ø±Ø¬ 14ØŒ Ø§Ù„Ø±ÙˆØ§Ø¨ÙŠØŒ Ø§Ù„Ø±ÙŠØ§Ø¶ 14215, Saudi Arabia"
6,6,Ù…Ø§ÙƒÙŠ,(5â­) Good food - a year ago | (5â­) Goodâ¤ï¸ - 11 months ago,Othaim watch repair shop,+966 50 201 1248,050 201 1248,N/A,N/A,"Eastern ring road, MQWG+2F2ØŒ Ù…Ø®Ø±Ø¬ 14ØŒ Ø§Ù„Ø±ÙˆØ§Ø¨ÙŠØŒ Ø§Ù„Ø±ÙŠØ§Ø¶ 14215, Saudi Arabia"
7,7,Tacomap,(5â­) Good food - a year ago | (5â­) Goodâ¤ï¸ - 11 months ago,Othaim watch repair shop,+966 50 201 1248,050 201 1248,N/A,N/A,"Eastern ring road, MQWG+2F2ØŒ Ù…Ø®Ø±Ø¬ 14ØŒ Ø§Ù„Ø±ÙˆØ§Ø¨ÙŠØŒ Ø§Ù„Ø±ÙŠØ§Ø¶ 14215, Saudi Arabia"
8,8,Grand centrale,No Reviews,Eastern Ring Branch Road & Exit 14,N/A,N/A,N/A,intersection,"Eastern Ring Branch Road & Exit 14, Ar Rabwah, Riyadh 12824, Saudi Arabia"
9,9,Ù…Ø±ÙˆÙ‡,(5â­) Good food - a year ago | (5â­) Goodâ¤ï¸ - 11 months ago,Othaim watch repair shop,+966 50 201 1248,050 201 1248,N/A,N/A,"Eastern ring road, MQWG+2F2ØŒ Ù…Ø®Ø±Ø¬ 14ØŒ Ø§Ù„Ø±ÙˆØ§Ø¨ÙŠØŒ Ø§Ù„Ø±ÙŠØ§Ø¶ 14215, Saudi Arabia"
10,10,Wil Spa Massage and wellness,(5â­) Good food - a year ago | (5â­) Goodâ¤ï¸ - 11 months ago,Othaim watch repair shop,+966 50 201 1248,050 201 1248,N/A,N/A,"Eastern ring road, MQWG+2F2ØŒ Ù…Ø®Ø±Ø¬ 14ØŒ Ø§Ù„Ø±ÙˆØ§Ø¨ÙŠØŒ Ø§Ù„Ø±ÙŠØ§Ø¶ 14215, Saudi Arabia"
11,11,Ø³ØªÙ†Ø¯Ø±Ø² STENDERS,(5â­) Good food - a year ago | (5â­) Goodâ¤ï¸ - 11 months ago,Othaim watch repair shop,+966 50 201 1248,050 201 1248,N/A,N/A,"Eastern ring road, MQWG+2F2ØŒ Ù…Ø®Ø±Ø¬ 14ØŒ Ø§Ù„Ø±ÙˆØ§Ø¨ÙŠØŒ Ø§Ù„Ø±ÙŠØ§Ø¶ 14215, Saudi Arabia"
12,12,Ù†Ø§ØªØ´ÙˆØ±Ø§Ù„ ØªØ§ØªØ´ - Natural Touch,(5â­) Good food - a year ago | (5â­) Goodâ¤ï¸ - 11 months ago,Othaim watch repair shop,+966 50 201 1248,050 201 1248,N/A,N/A,"Eastern ring road, MQWG+2F2ØŒ Ù…Ø®Ø±Ø¬ 14ØŒ Ø§Ù„Ø±ÙˆØ§Ø¨ÙŠØŒ Ø§Ù„Ø±ÙŠØ§Ø¶ 14215, Saudi Arabia"
13,13,Ø²Ù‡ÙˆØ± Ø§Ù„Ø±ÙŠÙ,(5â­) Good food - a year ago | (5â­) Goodâ¤ï¸ - 11 months ago,Othaim watch repair shop,+966 50 201 1248,050 201 1248,N/A,N/A,"Eastern ring road, MQWG+2F2ØŒ Ù…Ø®Ø±Ø¬ 14ØŒ Ø§Ù„Ø±ÙˆØ§Ø¨ÙŠØŒ Ø§Ù„Ø±ÙŠØ§Ø¶ 14215, Saudi Arabia"
14,14,Ù„Ø§Ù†Ø¬Ø±ÙŠ Ø±ÙˆØªÙŠÙ„Ø§ Ù…ÙØ§Ø±Ø´,(5â­) Good food - a year ago | (5â­) Goodâ¤ï¸ - 11 months ago,Othaim watch repair shop,+966 50 201 1248,050 201 1248,N/A,N/A,"Eastern ring road, MQWG+2F2ØŒ Ù…Ø®Ø±Ø¬ 14ØŒ Ø§Ù„Ø±ÙˆØ§Ø¨ÙŠØŒ Ø§Ù„Ø±ÙŠØ§Ø¶ 14215, Saudi Arabia"
15,15,Ù„ÙˆÙØª,(5â­) Good food - a year ago | (5â­) Goodâ¤ï¸ - 11 months ago,Othaim watch repair shop,+966 50 201 1248,050 201 1248,N/A,N/A,"Eastern ring road, MQWG+2F2ØŒ Ù…Ø®Ø±Ø¬ 14ØŒ Ø§Ù„Ø±ÙˆØ§Ø¨ÙŠØŒ Ø§Ù„Ø±ÙŠØ§Ø¶ 14215, Saudi Arabia"
16,16,Babyshop (Centrepoint),(5â­) Good food - a year ago | (5â­) Goodâ¤ï¸ - 11 months ago,Othaim watch repair shop,+966 50 201 1248,050 201 1248,N/A,N/A,"Eastern ring road, MQWG+2F2ØŒ Ù…Ø®Ø±Ø¬ 14ØŒ Ø§Ù„Ø±ÙˆØ§Ø¨ÙŠØŒ Ø§Ù„Ø±ÙŠØ§Ø¶ 14215, Saudi Arabia"
17,17,OVS,"(1â­) Ø¹Ù†Ø¯Ù‡Ù… Ù…ÙˆØ¸ÙÙ‡ Ø§Ù„Ù„Ù‡ ÙŠØ±Ø²Ù‚Ù‡Ø§ Ø§Ø³Ù„ÙˆØ¨ ğŸ‘ğŸ»
Ù†ÙÙ‘ÙØ±ØªÙ†ÙŠ Ø§Ø´ØªØ±ÙŠ Ù…Ù† Ø¹Ù†Ø¯Ù‡Ù… - a month ago | (5â­) Ø§Ù„Ø§Ù„ÙˆØ§Ù† Ø¹Ù†Ø¯Ù‡Ù… Ø±Ø§ÙŠÙ‚Ø© ÙˆØ­Ù„ÙˆÙ‡ Ø¨Ø°Ø§Øª Ø§Ù„Ø§Ø®Ø¶Ø± ÙˆØ¯Ø±Ø¬Ø§ØªÙ‡ğŸ‘ğŸ» - 3 years ago | (5â­) No Review - 11 months ago",OVS,+966 1254000,1254000,"Monday: 9:30â€¯AMâ€‰â€“â€‰10:00â€¯PM, Tuesday: 9:30â€¯AMâ€‰â€“â€‰10:00â€¯PM, Wednesday: 9:30â€¯AMâ€‰â€“â€‰10:00â€¯PM, Thursday: 9:30â€¯AMâ€‰â€“â€‰10:00â€¯PM, Friday: 10:00â€¯AMâ€‰â€“â€‰11:00â€¯PM, Saturday: 9:30â€¯AMâ€‰â€“â€‰10:00â€¯PM, Sunday: 9:30â€¯AMâ€‰â€“â€‰10:00â€¯PM",clothing_store,"Eastern Ring Road, Ù…Ø®Ø±Ø¬ 14ØŒ Ø§Ù„Ø±Ø¨ÙˆØ©ØŒ Ø§Ù„Ø±ÙŠØ§Ø¶ 62581, Saudi Arabia"
18,18,Ø§Ùˆ ÙÙŠ Ø§Ø³ | OVS,"(1â­) Ø¹Ù†Ø¯Ù‡Ù… Ù…ÙˆØ¸ÙÙ‡ Ø§Ù„Ù„Ù‡ ÙŠØ±Ø²Ù‚Ù‡Ø§ Ø§Ø³Ù„ÙˆØ¨ ğŸ‘ğŸ»
Ù†ÙÙ‘ÙØ±ØªÙ†ÙŠ Ø§Ø´ØªØ±ÙŠ Ù…Ù† Ø¹Ù†Ø¯Ù‡Ù… - a month ago | (5â­) Ø§Ù„Ø§Ù„ÙˆØ§Ù† Ø¹Ù†Ø¯Ù‡Ù… Ø±Ø§ÙŠÙ‚Ø© ÙˆØ­Ù„ÙˆÙ‡ Ø¨Ø°Ø§Øª Ø§Ù„Ø§Ø®Ø¶Ø± ÙˆØ¯Ø±Ø¬Ø§ØªÙ‡ğŸ‘ğŸ» - 3 years ago | (5â­) No Review - 11 months ago",OVS,+966 1254000,1254000,"Monday: 9:30â€¯AMâ€‰â€“â€‰10:00â€¯PM, Tuesday: 9:30â€¯AMâ€‰â€“â€‰10:00â€¯PM, Wednesday: 9:30â€¯AMâ€‰â€“â€‰10:00â€¯PM, Thursday: 9:30â€¯AMâ€‰â€“â€‰10:00â€¯PM, Friday: 10:00â€¯AMâ€‰â€“â€‰11:00â€¯PM, Saturday: 9:30â€¯AMâ€‰â€“â€‰10:00â€¯PM, Sunday: 9:30â€¯AMâ€‰â€“â€‰10:00â€¯PM",clothing_store,"Eastern Ring Road, Ù…Ø®Ø±Ø¬ 14ØŒ Ø§Ù„Ø±Ø¨ÙˆØ©ØŒ Ø§Ù„Ø±ÙŠØ§Ø¶ 62581, Saudi Arabia"
19,19,Ø¨Ø§Ù†Ø² Ù‡Ø§ÙˆØ³ | Buns House,(3â­) No Review - a month ago,Ø¨Ø§Ù†Ø² Ù‡Ø§ÙˆØ³ | Buns House,N/A,N/A,N/A,coffee_shop,"MQPG+G52, Ar Rabwah, Riyadh 12839, Saudi Arabia"
20,20,ÙƒÙ†Ø¯Ø± Ù„Ù„Ø­Ù„ÙˆÙŠØ§Øª,(5â­) Good food - a year ago | (5â­) Goodâ¤ï¸ - 11 months ago,Othaim watch repair shop,+966 50 201 1248,050 201 1248,N/A,N/A,"Eastern ring road, MQWG+2F2ØŒ Ù…Ø®Ø±Ø¬ 14ØŒ Ø§Ù„Ø±ÙˆØ§Ø¨ÙŠØŒ Ø§Ù„Ø±ÙŠØ§Ø¶ 14215, Saudi Arabia"
21,21,Ù„ÙˆØ±Ø¯ Ù…ÙŠÙ„Ø§Ù†Ùˆ Ø§Ù„Ø¹Ø«ÙŠÙ… Ù…ÙˆÙ„,(5â­) Good food - a year ago | (5â­) Goodâ¤ï¸ - 11 months ago,Othaim watch repair shop,+966 50 201 1248,050 201 1248,N/A,N/A,"Eastern ring road, MQWG+2F2ØŒ Ù…Ø®Ø±Ø¬ 14ØŒ Ø§Ù„Ø±ÙˆØ§Ø¨ÙŠØŒ Ø§Ù„Ø±ÙŠØ§Ø¶ 14215, Saudi Arabia"
22,22,Ø§Ù„ÙØ§ÙŠØ² Ù„Ù„Ø³Ø§Ø¹Ø§Øª,(5â­) Good food - a year ago | (5â­) Goodâ¤ï¸ - 11 months ago,Othaim watch repair shop,+966 50 201 1248,050 201 1248,N/A,N/A,"Eastern ring road, MQWG+2F2ØŒ Ù…Ø®Ø±Ø¬ 14ØŒ Ø§Ù„Ø±ÙˆØ§Ø¨ÙŠØŒ Ø§Ù„Ø±ÙŠØ§Ø¶ 14215, Saudi Arabia"
23,23,ÙˆØ§Ø­Ø© Ø§Ù„Ø¬Ù„Ø§Ø¨ÙŠØ©,(5â­) Good food - a year ago | (5â­) Goodâ¤ï¸ - 11 months ago,Othaim watch repair shop,+966 50 201 1248,050 201 1248,N/A,N/A,"Eastern ring road, MQWG+2F2ØŒ Ù…Ø®Ø±Ø¬ 14ØŒ Ø§Ù„Ø±ÙˆØ§Ø¨ÙŠØŒ Ø§Ù„Ø±ÙŠØ§Ø¶ 14215, Saudi Arabia"
24,24,Ù†ÙˆØ± Ù…ÙŠØ³Ø§Ù†,(5â­) Good food - a year ago | (5â­) Goodâ¤ï¸ - 11 months ago,Othaim watch repair shop,+966 50 201 1248,050 201 1248,N/A,N/A,"Eastern ring road, MQWG+2F2ØŒ Ù…Ø®Ø±Ø¬ 14ØŒ Ø§Ù„Ø±ÙˆØ§Ø¨ÙŠØŒ Ø§Ù„Ø±ÙŠØ§Ø¶ 14215, Saudi Arabia"
25,25,Women'Secret,(5â­) Ø¨Ø³ Ø§Ù„Ù„Ø­ÙˆØ¬ ÙƒØ«ÙŠØ±ÙŠÙ† - a year ago | (5â­) No Review - a year ago,Women'Secret,+966 800 301 5000,800 301 5000,"Monday: 10:00â€¯AMâ€‰â€“â€‰10:00â€¯PM, Tuesday: 10:00â€¯AMâ€‰â€“â€‰10:00â€¯PM, Wednesday: 10:00â€¯AMâ€‰â€“â€‰10:00â€¯PM, Thursday: 10:00â€¯AMâ€‰â€“â€‰10:00â€¯PM, Friday: 1:00â€‰â€“â€‰10:00â€¯PM, Saturday: 10:00â€¯AMâ€‰â€“â€‰10:00â€¯PM, Sunday: 10:00â€¯AMâ€‰â€“â€‰10:00â€¯PM",clothing_store,"Ù…Ø®Ø±Ø¬ 14, Eastern Ring Branch Rd, Ar Rabwah, Riyadh 12839, Saudi Arabia"
26,26,Pylones,(5â­) Good food - a year ago | (5â­) Goodâ¤ï¸ - 11 months ago,Othaim watch repair shop,+966 50 201 1248,050 201 1248,N/A,N/A,"Eastern ring road, MQWG+2F2ØŒ Ù…Ø®Ø±Ø¬ 14ØŒ Ø§Ù„Ø±ÙˆØ§Ø¨ÙŠØŒ Ø§Ù„Ø±ÙŠØ§Ø¶ 14215, Saudi Arabia"
27,27,Ù…Ø§Ø³ Ø§Ù„Ø´Ø±Ù‚ÙŠØ© Ù„Ù„Ø§ØªØµØ§Ù„Ø§Øª,No Reviews,Eastern Ring Branch Road & Exit 14,N/A,N/A,N/A,intersection,"Eastern Ring Branch Road & Exit 14, Ar Rabwah, Riyadh 12824, Saudi Arabia"
28,28,Saadeddin Express Al-Othaim Al-Ahsa,No Reviews,Eastern Ring Branch Road & Exit 14,N/A,N/A,N/A,intersection,"Eastern Ring Branch Road & Exit 14, Ar Rabwah, Riyadh 12824, Saudi Arabia"
29,29,Alinma ATM,(5â­) Good food - a year ago | (5â­) Goodâ¤ï¸ - 11 months ago,Othaim watch repair shop,+966 50 201 1248,050 201 1248,N/A,N/A,"Eastern ring road, MQWG+2F2ØŒ Ù…Ø®Ø±Ø¬ 14ØŒ Ø§Ù„Ø±ÙˆØ§Ø¨ÙŠØŒ Ø§Ù„Ø±ÙŠØ§Ø¶ 14215, Saudi Arabia"
30,30,Ù„ÙÙŠÙ„ Ù„Ù„Ø§Ø­Ø°ÙŠÙ‡ ÙˆØ§Ù„Ø´Ù†Ø· Ø§Ù„Ø¹Ø«ÙŠÙ… Ù…ÙˆÙ„,(5â­) Good food - a year ago | (5â­) Goodâ¤ï¸ - 11 months ago,Othaim watch repair shop,+966 50 201 1248,050 201 1248,N/A,N/A,"Eastern ring road, MQWG+2F2ØŒ Ù…Ø®Ø±Ø¬ 14ØŒ Ø§Ù„Ø±ÙˆØ§Ø¨ÙŠØŒ Ø§Ù„Ø±ÙŠØ§Ø¶ 14215, Saudi Arabia"
31,31,Ø±ÙˆØ´Ù† Ù„Ù„Ø¥ØªØµØ§Ù„Ø§Øª,(5â­) Good food - a year ago | (5â­) Goodâ¤ï¸ - 11 months ago,Othaim watch repair shop,+966 50 201 1248,050 201 1248,N/A,N/A,"Eastern ring road, MQWG+2F2ØŒ Ù…Ø®Ø±Ø¬ 14ØŒ Ø§Ù„Ø±ÙˆØ§Ø¨ÙŠØŒ Ø§Ù„Ø±ÙŠØ§Ø¶ 14215, Saudi Arabia"
32,32,ØµØ§Ù†Ø¹ Ø§Ù„Ø³Ø¹Ø§Ø¯Ø©,(5â­) Good food - a year ago | (5â­) Goodâ¤ï¸ - 11 months ago,Othaim watch repair shop,+966 50 201 1248,050 201 1248,N/A,N/A,"Eastern ring road, MQWG+2F2ØŒ Ù…Ø®Ø±Ø¬ 14ØŒ Ø§Ù„Ø±ÙˆØ§Ø¨ÙŠØŒ Ø§Ù„Ø±ÙŠØ§Ø¶ 14215, Saudi Arabia"
33,33,ÙÙŠÙÙŠØ¯ ÙÙ„ÙŠØ± Ù„Ù†Ø¯Ù†,No Reviews,Eastern Ring Branch Road & Exit 14,N/A,N/A,N/A,intersection,"Eastern Ring Branch Road & Exit 14, Ar Rabwah, Riyadh 12824, Saudi Arabia"
34,34,Ø§Ù„Ù…Ù„ÙŠØ­Ø©,(5â­) Good food - a year ago | (5â­) Goodâ¤ï¸ - 11 months ago,Othaim watch repair shop,+966 50 201 1248,050 201 1248,N/A,N/A,"Eastern ring road, MQWG+2F2ØŒ Ù…Ø®Ø±Ø¬ 14ØŒ Ø§Ù„Ø±ÙˆØ§Ø¨ÙŠØŒ Ø§Ù„Ø±ÙŠØ§Ø¶ 14215, Saudi Arabia"
35,35,Newblack,(5â­) Good food - a year ago | (5â­) Goodâ¤ï¸ - 11 months ago,Othaim watch repair shop,+966 50 201 1248,050 201 1248,N/A,N/A,"Eastern ring road, MQWG+2F2ØŒ Ù…Ø®Ø±Ø¬ 14ØŒ Ø§Ù„Ø±ÙˆØ§Ø¨ÙŠØŒ Ø§Ù„Ø±ÙŠØ§Ø¶ 14215, Saudi Arabia"
36,36,Ø°ÙƒØ±Ù‰ Ù„Ù„Ø¹Ø·ÙˆØ± Ø§Ù„Ø¹Ø«ÙŠÙ… Ù…ÙˆÙ„ Ø§Ù„Ø§Ø­Ø³Ø§Ø¡,(5â­) Good food - a year ago | (5â­) Goodâ¤ï¸ - 11 months ago,Othaim watch repair shop,+966 50 201 1248,050 201 1248,N/A,N/A,"Eastern ring road, MQWG+2F2ØŒ Ù…Ø®Ø±Ø¬ 14ØŒ Ø§Ù„Ø±ÙˆØ§Ø¨ÙŠØŒ Ø§Ù„Ø±ÙŠØ§Ø¶ 14215, Saudi Arabia"
37,37,bossini Ø¨ÙˆØ³ÙŠÙ†ÙŠ,(5â­) Good food - a year ago | (5â­) Goodâ¤ï¸ - 11 months ago,Othaim watch repair shop,+966 50 201 1248,050 201 1248,N/A,N/A,"Eastern ring road, MQWG+2F2ØŒ Ù…Ø®Ø±Ø¬ 14ØŒ Ø§Ù„Ø±ÙˆØ§Ø¨ÙŠØŒ Ø§Ù„Ø±ÙŠØ§Ø¶ 14215, Saudi Arabia"
38,38,Ù…Ø·Ø¹Ù… ÙÙŠØ±ÙˆØ²ÙŠ,No Reviews,Eastern Ring Branch Road & Exit 14,N/A,N/A,N/A,intersection,"Eastern Ring Branch Road & Exit 14, Ar Rabwah, Riyadh 12824, Saudi Arabia"
39,39,Ø¥ÙŠÙØ§Ø¬Ø§Ø±Ø¯Ù†,(5â­) Good food - a year ago | (5â­) Goodâ¤ï¸ - 11 months ago,Othaim watch repair shop,+966 50 201 1248,050 201 1248,N/A,N/A,"Eastern ring road, MQWG+2F2ØŒ Ù…Ø®Ø±Ø¬ 14ØŒ Ø§Ù„Ø±ÙˆØ§Ø¨ÙŠØŒ Ø§Ù„Ø±ÙŠØ§Ø¶ 14215, Saudi Arabia"
40,40,Ø³ÙŠØ²ÙˆÙ† | Season,(5â­) Good food - a year ago | (5â­) Goodâ¤ï¸ - 11 months ago,Othaim watch repair shop,+966 50 201 1248,050 201 1248,N/A,N/A,"Eastern ring road, MQWG+2F2ØŒ Ù…Ø®Ø±Ø¬ 14ØŒ Ø§Ù„Ø±ÙˆØ§Ø¨ÙŠØŒ Ø§Ù„Ø±ÙŠØ§Ø¶ 14215, Saudi Arabia"
41,41,Ø±ÙŠÙ†Ø§,(5â­) Good food - a year ago | (5â­) Goodâ¤ï¸ - 11 months ago,Othaim watch repair shop,+966 50 201 1248,050 201 1248,N/A,N/A,"Eastern ring road, MQWG+2F2ØŒ Ù…Ø®Ø±Ø¬ 14ØŒ Ø§Ù„Ø±ÙˆØ§Ø¨ÙŠØŒ Ø§Ù„Ø±ÙŠØ§Ø¶ 14215, Saudi Arabia"
42,42,Ù‡Ø¬Ø± Ø³ØªÙˆØ±,(5â­) Good food - a year ago | (5â­) Goodâ¤ï¸ - 11 months ago,Othaim watch repair shop,+966 50 201 1248,050 201 1248,N/A,N/A,"Eastern ring road, MQWG+2F2ØŒ Ù…Ø®Ø±Ø¬ 14ØŒ Ø§Ù„Ø±ÙˆØ§Ø¨ÙŠØŒ Ø§Ù„Ø±ÙŠØ§Ø¶ 14215, Saudi Arabia"
43,43,Ø§Ù„Ø¹ÙŠØ³Ø§Ø¦ÙŠ,(5â­) Good food - a year ago | (5â­) Goodâ¤ï¸ - 11 months ago,Othaim watch repair shop,+966 50 201 1248,050 201 1248,N/A,N/A,"Eastern ring road, MQWG+2F2ØŒ Ù…Ø®Ø±Ø¬ 14ØŒ Ø§Ù„Ø±ÙˆØ§Ø¨ÙŠØŒ Ø§Ù„Ø±ÙŠØ§Ø¶ 14215, Saudi Arabia"
44,44,Salam Mobile,(5â­) Good food - a year ago | (5â­) Goodâ¤ï¸ - 11 months ago,Othaim watch repair shop,+966 50 201 1248,050 201 1248,N/A,N/A,"Eastern ring road, MQWG+2F2ØŒ Ù…Ø®Ø±Ø¬ 14ØŒ Ø§Ù„Ø±ÙˆØ§Ø¨ÙŠØŒ Ø§Ù„Ø±ÙŠØ§Ø¶ 14215, Saudi Arabia"
45,45,Ø¬ÙˆÙ…Ø§Ù†Ø§ JOMANA (ÙØ³Ø§ØªÙŠÙ† Ù†Ø³Ø§Ø¦ÙŠØ© ÙØ³Ø§ØªÙŠÙ† Ø³Ù‡Ø±Ø© Ø¬Ù„Ø§Ø¨ÙŠØ§Øª),No Reviews,Eastern Ring Branch Road & Exit 14,N/A,N/A,N/A,intersection,"Eastern Ring Branch Road & Exit 14, Ar Rabwah, Riyadh 12824, Saudi Arabia"
46,46,Ù…ÙˆØ¬ Ø§Ù„Ø´Ø±Ù‚ÙŠØ© Ù„Ù„Ø¹Ø¨Ø§ÙŠØ§Øª,No Reviews,Eastern Ring Branch Road & Exit 14,N/A,N/A,N/A,intersection,"Eastern Ring Branch Road & Exit 14, Ar Rabwah, Riyadh 12824, Saudi Arabia"
47,47,Okaidi,(5â­) Good food - a year ago | (5â­) Goodâ¤ï¸ - 11 months ago,Othaim watch repair shop,+966 50 201 1248,050 201 1248,N/A,N/A,"Eastern ring road, MQWG+2F2ØŒ Ù…Ø®Ø±Ø¬ 14ØŒ Ø§Ù„Ø±ÙˆØ§Ø¨ÙŠØŒ Ø§Ù„Ø±ÙŠØ§Ø¶ 14215, Saudi Arabia"
48,48,OZEN Ø§ÙƒØ³Ø³ÙˆØ§Ø±Ø§Øª Ø£ÙˆØ²Ù†,(5â­) Good food - a year ago | (5â­) Goodâ¤ï¸ - 11 months ago,Othaim watch repair shop,+966 50 201 1248,050 201 1248,N/A,N/A,"Eastern ring road, MQWG+2F2ØŒ Ù…Ø®Ø±Ø¬ 14ØŒ Ø§Ù„Ø±ÙˆØ§Ø¨ÙŠØŒ Ø§Ù„Ø±ÙŠØ§Ø¶ 14215, Saudi Arabia"
49,49,Ø§Ù„ÙˆÙ„ÙŠÙ Ø§Ù„Ø¹Ø«ÙŠÙ… Ù…ÙˆÙ„ - Ø§Ù„Ø§Ø­Ø³Ø§Ø¡,(5â­) Good food - a year ago | (5â­) Goodâ¤ï¸ - 11 months ago,Othaim watch repair shop,+966 50 201 1248,050 201 1248,N/A,N/A,"Eastern ring road, MQWG+2F2ØŒ Ù…Ø®Ø±Ø¬ 14ØŒ Ø§Ù„Ø±ÙˆØ§Ø¨ÙŠØŒ Ø§Ù„Ø±ÙŠØ§Ø¶ 14215, Saudi Arabia"
50,50,Ø´Ø§ÙˆØ±Ù…Ø§ Ø§ÙŠØ·Ø§Ù„ÙŠØ§Ù†Ùˆ,(5â­) Good food - a year ago | (5â­) Goodâ¤ï¸ - 11 months ago,Othaim watch repair shop,+966 50 201 1248,050 201 1248,N/A,N/A,"Eastern ring road, MQWG+2F2ØŒ Ù…Ø®Ø±Ø¬ 14ØŒ Ø§Ù„Ø±ÙˆØ§Ø¨ÙŠØŒ Ø§Ù„Ø±ÙŠØ§Ø¶ 14215, Saudi Arabia"
51,51,Ù…Ø¬ÙˆÙ‡Ø±Ø§Øª Ø¹Ø²ÙŠØ² Aziz Jewellery,No Reviews,Aziz,N/A,N/A,N/A,N/A,"Aziz, Sebt Aziz, Algeria"
52,52,Ù‚ØµØ© Ù„Ù„Ø¹Ø·ÙˆØ± | Gissah Perfumes,(5â­) Good food - a year ago | (5â­) Goodâ¤ï¸ - 11 months ago,Othaim watch repair shop,+966 50 201 1248,050 201 1248,N/A,N/A,"Eastern ring road, MQWG+2F2ØŒ Ù…Ø®Ø±Ø¬ 14ØŒ Ø§Ù„Ø±ÙˆØ§Ø¨ÙŠØŒ Ø§Ù„Ø±ÙŠØ§Ø¶ 14215, Saudi Arabia"
53,53,Ø¹Ø¨Ø§ÙŠØ§Øª Ø§ÙŠÙ„Ø§Ù†,No Reviews,Eastern Ring Branch Road & Exit 14,N/A,N/A,N/A,intersection,"Eastern Ring Branch Road & Exit 14, Ar Rabwah, Riyadh 12824, Saudi Arabia"
54,54,Latt Liv Ù„Ø§Øª Ù„ÙŠÙ,(5â­) Good food - a year ago | (5â­) Goodâ¤ï¸ - 11 months ago,Othaim watch repair shop,+966 50 201 1248,050 201 1248,N/A,N/A,"Eastern ring road, MQWG+2F2ØŒ Ù…Ø®Ø±Ø¬ 14ØŒ Ø§Ù„Ø±ÙˆØ§Ø¨ÙŠØŒ Ø§Ù„Ø±ÙŠØ§Ø¶ 14215, Saudi Arabia"
55,55,Othaim Hyper Market,(5â­) Good food - a year ago | (5â­) Goodâ¤ï¸ - 11 months ago,Othaim watch repair shop,+966 50 201 1248,050 201 1248,N/A,N/A,"Eastern ring road, MQWG+2F2ØŒ Ù…Ø®Ø±Ø¬ 14ØŒ Ø§Ù„Ø±ÙˆØ§Ø¨ÙŠØŒ Ø§Ù„Ø±ÙŠØ§Ø¶ 14215, Saudi Arabia"
56,56,Action Zone,(5â­) Good food - a year ago | (5â­) Goodâ¤ï¸ - 11 months ago,Othaim watch repair shop,+966 50 201 1248,050 201 1248,N/A,N/A,"Eastern ring road, MQWG+2F2ØŒ Ù…Ø®Ø±Ø¬ 14ØŒ Ø§Ù„Ø±ÙˆØ§Ø¨ÙŠØŒ Ø§Ù„Ø±ÙŠØ§Ø¶ 14215, Saudi Arabia"
57,57,VANS,(5â­) Good food - a year ago | (5â­) Goodâ¤ï¸ - 11 months ago,Othaim watch repair shop,+966 50 201 1248,050 201 1248,N/A,N/A,"Eastern ring road, MQWG+2F2ØŒ Ù…Ø®Ø±Ø¬ 14ØŒ Ø§Ù„Ø±ÙˆØ§Ø¨ÙŠØŒ Ø§Ù„Ø±ÙŠØ§Ø¶ 14215, Saudi Arabia"
58,58,Ù…Ø³Ø¬Ø¯ Ø§Ù„Ø¹Ø«ÙŠÙ… Ù…ÙˆÙ„ Ø·1,(5â­) Good food - a year ago | (5â­) Goodâ¤ï¸ - 11 months ago,Othaim watch repair shop,+966 50 201 1248,050 201 1248,N/A,N/A,"Eastern ring road, MQWG+2F2ØŒ Ù…Ø®Ø±Ø¬ 14ØŒ Ø§Ù„Ø±ÙˆØ§Ø¨ÙŠØŒ Ø§Ù„Ø±ÙŠØ§Ø¶ 14215, Saudi Arabia"
59,59,Ø¨Ø§Ù†Ùˆ,(5â­) Good food - a year ago | (5â­) Goodâ¤ï¸ - 11 months ago,Othaim watch repair shop,+966 50 201 1248,050 201 1248,N/A,N/A,"Eastern ring road, MQWG+2F2ØŒ Ù…Ø®Ø±Ø¬ 14ØŒ Ø§Ù„Ø±ÙˆØ§Ø¨ÙŠØŒ Ø§Ù„Ø±ÙŠØ§Ø¶ 14215, Saudi Arabia"
60,60,Ù…Ø§Ù†Ø¬Ùˆ,(5â­) Good food - a year ago | (5â­) Goodâ¤ï¸ - 11 months ago,Othaim watch repair shop,+966 50 201 1248,050 201 1248,N/A,N/A,"Eastern ring road, MQWG+2F2ØŒ Ù…Ø®Ø±Ø¬ 14ØŒ Ø§Ù„Ø±ÙˆØ§Ø¨ÙŠØŒ Ø§Ù„Ø±ÙŠØ§Ø¶ 14215, Saudi Arabia"
61,61,Ø§Ù„Ù…Ù„Ø­Ù… Ø°Ù‡Ø¨ Ùˆ Ø£Ù„Ù…Ø§Ø³,(5â­) Good food - a year ago | (5â­) Goodâ¤ï¸ - 11 months ago,Othaim watch repair shop,+966 50 201 1248,050 201 1248,N/A,N/A,"Eastern ring road, MQWG+2F2ØŒ Ù…Ø®Ø±Ø¬ 14ØŒ Ø§Ù„Ø±ÙˆØ§Ø¨ÙŠØŒ Ø§Ù„Ø±ÙŠØ§Ø¶ 14215, Saudi Arabia"
62,62,Ø±ÙƒÙ† Ø±Ù†ÙŠÙ†,No Reviews,Eastern Ring Branch Road & Exit 14,N/A,N/A,N/A,intersection,"Eastern Ring Branch Road & Exit 14, Ar Rabwah, Riyadh 12824, Saudi Arabia"
63,63,Ø±ÙŠÙ Ø§Ù„Ø¹Ø·ÙˆØ±,(5â­) Good food - a year ago | (5â­) Goodâ¤ï¸ - 11 months ago,Othaim watch repair shop,+966 50 201 1248,050 201 1248,N/A,N/A,"Eastern ring road, MQWG+2F2ØŒ Ù…Ø®Ø±Ø¬ 14ØŒ Ø§Ù„Ø±ÙˆØ§Ø¨ÙŠØŒ Ø§Ù„Ø±ÙŠØ§Ø¶ 14215, Saudi Arabia"
64,64,Daiso Japan - Al Othaim Mall,(5â­) Good food - a year ago | (5â­) Goodâ¤ï¸ - 11 months ago,Othaim watch repair shop,+966 50 201 1248,050 201 1248,N/A,N/A,"Eastern ring road, MQWG+2F2ØŒ Ù…Ø®Ø±Ø¬ 14ØŒ Ø§Ù„Ø±ÙˆØ§Ø¨ÙŠØŒ Ø§Ù„Ø±ÙŠØ§Ø¶ 14215, Saudi Arabia"
65,65,Herfy,(5â­) Good food - a year ago | (5â­) Goodâ¤ï¸ - 11 months ago,Othaim watch repair shop,+966 50 201 1248,050 201 1248,N/A,N/A,"Eastern ring road, MQWG+2F2ØŒ Ù…Ø®Ø±Ø¬ 14ØŒ Ø§Ù„Ø±ÙˆØ§Ø¨ÙŠØŒ Ø§Ù„Ø±ÙŠØ§Ø¶ 14215, Saudi Arabia"
66,66,ANWARICA CERAMICS,(5â­) Good food - a year ago | (5â­) Goodâ¤ï¸ - 11 months ago,Othaim watch repair shop,+966 50 201 1248,050 201 1248,N/A,N/A,"Eastern ring road, MQWG+2F2ØŒ Ù…Ø®Ø±Ø¬ 14ØŒ Ø§Ù„Ø±ÙˆØ§Ø¨ÙŠØŒ Ø§Ù„Ø±ÙŠØ§Ø¶ 14215, Saudi Arabia"
67,67,Ø²ÙŠÙ†,(5â­) Good food - a year ago | (5â­) Goodâ¤ï¸ - 11 months ago,Othaim watch repair shop,+966 50 201 1248,050 201 1248,N/A,N/A,"Eastern ring road, MQWG+2F2ØŒ Ù…Ø®Ø±Ø¬ 14ØŒ Ø§Ù„Ø±ÙˆØ§Ø¨ÙŠØŒ Ø§Ù„Ø±ÙŠØ§Ø¶ 14215, Saudi Arabia"
68,68,ÙƒÙˆØ§Ù†ØªÙŠÙ„ÙˆÙ† | Cuantillon,(5â­) Good food - a year ago | (5â­) Goodâ¤ï¸ - 11 months ago,Othaim watch repair shop,+966 50 201 1248,050 201 1248,N/A,N/A,"Eastern ring road, MQWG+2F2ØŒ Ù…Ø®Ø±Ø¬ 14ØŒ Ø§Ù„Ø±ÙˆØ§Ø¨ÙŠØŒ Ø§Ù„Ø±ÙŠØ§Ø¶ 14215, Saudi Arabia"
69,69,Ø§Ù„Ø­ØµÙŠÙ†ÙŠ Ù„Ù„Ø³Ø§Ø¹Ø§Øª,(5â­) Good food - a year ago | (5â­) Goodâ¤ï¸ - 11 months ago,Othaim watch repair shop,+966 50 201 1248,050 201 1248,N/A,N/A,"Eastern ring road, MQWG+2F2ØŒ Ù…Ø®Ø±Ø¬ 14ØŒ Ø§Ù„Ø±ÙˆØ§Ø¨ÙŠØŒ Ø§Ù„Ø±ÙŠØ§Ø¶ 14215, Saudi Arabia"
70,70,DOODLES,(5â­) Good food - a year ago | (5â­) Goodâ¤ï¸ - 11 months ago,Othaim watch repair shop,+966 50 201 1248,050 201 1248,N/A,N/A,"Eastern ring road, MQWG+2F2ØŒ Ù…Ø®Ø±Ø¬ 14ØŒ Ø§Ù„Ø±ÙˆØ§Ø¨ÙŠØŒ Ø§Ù„Ø±ÙŠØ§Ø¶ 14215, Saudi Arabia"
71,71,Polo beverly hills Ø¨ÙˆÙ„Ùˆ Ø¨ÙŠÙØ±Ù„ÙŠ Ù‡ÙŠÙ„Ø² Ø§Ù„Ø¹Ø«ÙŠÙ…,(5â­) Good food - a year ago | (5â­) Goodâ¤ï¸ - 11 months ago,Othaim watch repair shop,+966 50 201 1248,050 201 1248,N/A,N/A,"Eastern ring road, MQWG+2F2ØŒ Ù…Ø®Ø±Ø¬ 14ØŒ Ø§Ù„Ø±ÙˆØ§Ø¨ÙŠØŒ Ø§Ù„Ø±ÙŠØ§Ø¶ 14215, Saudi Arabia"
72,72,Palmas cafe Ø¨Ø§Ù„Ù…Ø³ ÙƒØ§ÙÙŠ,No Reviews,Palmas,N/A,N/A,N/A,N/A,"Palmas, State of Tocantins, Brazil"
73,73,L'Occitane En Provence - Othaim Mall Ahsa,(5â­) Good food - a year ago | (5â­) Goodâ¤ï¸ - 11 months ago,Othaim watch repair shop,+966 50 201 1248,050 201 1248,N/A,N/A,"Eastern ring road, MQWG+2F2ØŒ Ù…Ø®Ø±Ø¬ 14ØŒ Ø§Ù„Ø±ÙˆØ§Ø¨ÙŠØŒ Ø§Ù„Ø±ÙŠØ§Ø¶ 14215, Saudi Arabia"
74,74,Ø§Ù„Ø´Ù…Ø³ ÙˆØ§Ù„Ø±Ù…Ø§Ù„,(5â­) Good food - a year ago | (5â­) Goodâ¤ï¸ - 11 months ago,Othaim watch repair shop,+966 50 201 1248,050 201 1248,N/A,N/A,"Eastern ring road, MQWG+2F2ØŒ Ù…Ø®Ø±Ø¬ 14ØŒ Ø§Ù„Ø±ÙˆØ§Ø¨ÙŠØŒ Ø§Ù„Ø±ÙŠØ§Ø¶ 14215, Saudi Arabia"
75,75,Ø£ÙŠØ±Ùˆ Ø¨ÙˆØ³ØªØ§Ù„,(5â­) Good food - a year ago | (5â­) Goodâ¤ï¸ - 11 months ago,Othaim watch repair shop,+966 50 201 1248,050 201 1248,N/A,N/A,"Eastern ring road, MQWG+2F2ØŒ Ù…Ø®Ø±Ø¬ 14ØŒ Ø§Ù„Ø±ÙˆØ§Ø¨ÙŠØŒ Ø§Ù„Ø±ÙŠØ§Ø¶ 14215, Saudi Arabia"
76,76,Ø§Ø·ÙŠØ§Ø¨ Ø§Ù„Ù…Ø±Ø´ÙˆØ¯,(5â­) Good food - a year ago | (5â­) Goodâ¤ï¸ - 11 months ago,Othaim watch repair shop,+966 50 201 1248,050 201 1248,N/A,N/A,"Eastern ring road, MQWG+2F2ØŒ Ù…Ø®Ø±Ø¬ 14ØŒ Ø§Ù„Ø±ÙˆØ§Ø¨ÙŠØŒ Ø§Ù„Ø±ÙŠØ§Ø¶ 14215, Saudi Arabia"
77,77,Ø·Ù‡ Ø§Ù„Ù†Ù…Ø± Ù„Ù„Ù…Ø¬ÙˆÙ‡Ø±Ø§Øª,No Reviews,Eastern Ring Branch Road & Exit 14,N/A,N/A,N/A,intersection,"Eastern Ring Branch Road & Exit 14, Ar Rabwah, Riyadh 12824, Saudi Arabia"
78,78,Terranova,(5â­) Good food - a year ago | (5â­) Goodâ¤ï¸ - 11 months ago,Othaim watch repair shop,+966 50 201 1248,050 201 1248,N/A,N/A,"Eastern ring road, MQWG+2F2ØŒ Ù…Ø®Ø±Ø¬ 14ØŒ Ø§Ù„Ø±ÙˆØ§Ø¨ÙŠØŒ Ø§Ù„Ø±ÙŠØ§Ø¶ 14215, Saudi Arabia"
79,79,ÙƒØ§Ø±Ø¯ÙŠØ§Ù„,(5â­) Good food - a year ago | (5â­) Goodâ¤ï¸ - 11 months ago,Othaim watch repair shop,+966 50 201 1248,050 201 1248,N/A,N/A,"Eastern ring road, MQWG+2F2ØŒ Ù…Ø®Ø±Ø¬ 14ØŒ Ø§Ù„Ø±ÙˆØ§Ø¨ÙŠØŒ Ø§Ù„Ø±ÙŠØ§Ø¶ 14215, Saudi Arabia"
80,80,SNB AlAhli ATM,(5â­) Good food - a year ago | (5â­) Goodâ¤ï¸ - 11 months ago,Othaim watch repair shop,+966 50 201 1248,050 201 1248,N/A,N/A,"Eastern ring road, MQWG+2F2ØŒ Ù…Ø®Ø±Ø¬ 14ØŒ Ø§Ù„Ø±ÙˆØ§Ø¨ÙŠØŒ Ø§Ù„Ø±ÙŠØ§Ø¶ 14215, Saudi Arabia"
81,81,Ø¬ÙˆØ³ ØªØ§ÙŠÙ… -Ø§Ù„Ø¹Ø«ÙŠÙ…,(5â­) Good food - a year ago | (5â­) Goodâ¤ï¸ - 11 months ago,Othaim watch repair shop,+966 50 201 1248,050 201 1248,N/A,N/A,"Eastern ring road, MQWG+2F2ØŒ Ù…Ø®Ø±Ø¬ 14ØŒ Ø§Ù„Ø±ÙˆØ§Ø¨ÙŠØŒ Ø§Ù„Ø±ÙŠØ§Ø¶ 14215, Saudi Arabia"
82,82,Ø­Ù„Ø§ØªÙŠ Ø¨Ø¹Ø¨Ø§ØªÙŠ,(5â­) Good food - a year ago | (5â­) Goodâ¤ï¸ - 11 months ago,Othaim watch repair shop,+966 50 201 1248,050 201 1248,N/A,N/A,"Eastern ring road, MQWG+2F2ØŒ Ù…Ø®Ø±Ø¬ 14ØŒ Ø§Ù„Ø±ÙˆØ§Ø¨ÙŠØŒ Ø§Ù„Ø±ÙŠØ§Ø¶ 14215, Saudi Arabia"
83,83,friespy,No Reviews,Eastern Ring Branch Road & Exit 14,N/A,N/A,N/A,intersection,"Eastern Ring Branch Road & Exit 14, Ar Rabwah, Riyadh 12824, Saudi Arabia"
84,84,Crocs,(5â­) Good food - a year ago | (5â­) Goodâ¤ï¸ - 11 months ago,Othaim watch repair shop,+966 50 201 1248,050 201 1248,N/A,N/A,"Eastern ring road, MQWG+2F2ØŒ Ù…Ø®Ø±Ø¬ 14ØŒ Ø§Ù„Ø±ÙˆØ§Ø¨ÙŠØŒ Ø§Ù„Ø±ÙŠØ§Ø¶ 14215, Saudi Arabia"
85,85,Ù…Ø­ØªØ±Ù,(5â­) Good food - a year ago | (5â­) Goodâ¤ï¸ - 11 months ago,Othaim watch repair shop,+966 50 201 1248,050 201 1248,N/A,N/A,"Eastern ring road, MQWG+2F2ØŒ Ù…Ø®Ø±Ø¬ 14ØŒ Ø§Ù„Ø±ÙˆØ§Ø¨ÙŠØŒ Ø§Ù„Ø±ÙŠØ§Ø¶ 14215, Saudi Arabia"
86,86,Ù…Ø·Ø¹Ù… Ø§ÙŠØ·Ø§Ù„ÙŠ,(5â­) Good food - a year ago | (5â­) Goodâ¤ï¸ - 11 months ago,Othaim watch repair shop,+966 50 201 1248,050 201 1248,N/A,N/A,"Eastern ring road, MQWG+2F2ØŒ Ù…Ø®Ø±Ø¬ 14ØŒ Ø§Ù„Ø±ÙˆØ§Ø¨ÙŠØŒ Ø§Ù„Ø±ÙŠØ§Ø¶ 14215, Saudi Arabia"
87,87,Dallah Cafe Ehsaa,"(4â­) Very nice red tea with ginger, we loved the mocca also. The staff is kind and caring. Recommended if you're looking for a saudi coffee shopğŸ‘ - a year ago | (5â­) He is a friendly person with high morals and loves to work. Thank you very much ğŸ¤kevin jay tenebro - 10 months ago | (4â­) Nice cafe with good service - 4 years ago | (5â­) I love coffee â˜• - 2 years ago | (1â­) Ø§Ù†Ø§ ÙƒÙ†Øª Ø²Ù…Ø§Ø§Ù† Ø§Ø­Ø¨ Ù‚Ù‡ÙˆØªÙ‡Ù… Ø§Ù„Ø³Ø¹ÙˆØ¯ÙŠÙ‡ ÙƒØ§Ù†Øª Ù…Ù…ÙŠØ²Ù‡ Ø¨Ø§Ù„Ù‡ÙŠÙ„ ÙˆØ§Ù„Ø²Ø¹ÙØ±Ø§Ù† ÙˆÙ„ÙˆÙ†Ù‡Ø§ ÙˆØ±ÙŠØ­ØªÙ‡Ø§ ØªÙØªØ­ Ø§Ù„Ù†ÙØ³
Ø§Ù„ÙŠÙˆÙ… ØªØºÙŠØ±Øª ØªØºÙŠÙŠØ± Ø¬Ø°Ø±ÙŠ ÙˆÙ„Ø§ Ø§Ø¹Ù„Ù… Ø§Ù„Ø³Ø¨Ø¨!!
Ù‡Ù„ ØªØºÙŠØ± Ø§Ù„Ù…ÙˆØ¸ÙÙŠÙ† Ø§Ùˆ ØµØ§Ø­Ø¨ Ø§Ù„Ø­Ù„Ø§Ù„ Ø¨Ø§Ø¹Ù‡ Ø§Ùˆ Ù†ÙˆØ¹ Ø§Ù„Ù‚Ù‡ÙˆÙ‡ ØºÙŠØ±ÙˆÙ‡Ø§. Ù„Ù„Ø§Ø³Ù
Ø§Ø¶Ø·Ø±ÙŠØª Ø§Ø±ÙˆØ­ Ù„Ù„Ù…ÙˆØ¸ÙÙ‡ ÙˆØºÙŠØ±Øª Ù„ÙŠ Ø¨ÙƒØ§Ø¨ØªØ´ÙŠÙ†Ùˆ
Ø§Ù„ÙƒØ§Ø¨ØªØ´ÙŠÙ†Ùˆ ÙˆØ³Ø· Ù…Ùˆ Ù…Ø±Ù‡ Ù…Ø¶Ø¨ÙˆØ·
ÙˆØ·Ù„Ø¨Øª Ø³Ø§Ù† Ø³Ø¨Ø§Ø³ØªÙŠØ§Ù† Ø­Ù„Ùˆ =Ù¢Ù¥ - 3 months ago",Dallah Cafe,+966 55 806 8706,055 806 8706,"Monday: 9:00â€¯AMâ€‰â€“â€‰11:30â€¯PM, Tuesday: 9:00â€¯AMâ€‰â€“â€‰11:30â€¯PM, Wednesday: 9:00â€¯AMâ€‰â€“â€‰11:30â€¯PM, Thursday: 9:00â€¯AMâ€‰â€“â€‰11:30â€¯PM, Friday: 9:00â€¯AMâ€‰â€“â€‰11:30â€¯PM, Saturday: 9:00â€¯AMâ€‰â€“â€‰11:30â€¯PM, Sunday: 9:00â€¯AMâ€‰â€“â€‰11:30â€¯PM",cafe,"7454ØŒ 4088 Eastern Ring Branch Rd, Ar Rabwah, Riyadh 12839, Saudi Arabia"
88,88,Ø´Ø§Ø¯Ø±,(5â­) Good food - a year ago | (5â­) Goodâ¤ï¸ - 11 months ago,Othaim watch repair shop,+966 50 201 1248,050 201 1248,N/A,N/A,"Eastern ring road, MQWG+2F2ØŒ Ù…Ø®Ø±Ø¬ 14ØŒ Ø§Ù„Ø±ÙˆØ§Ø¨ÙŠØŒ Ø§Ù„Ø±ÙŠØ§Ø¶ 14215, Saudi Arabia"
89,89,Ø¨Ù„Ø§Ùƒ ÙØ§Ø´Ù†,(5â­) Good food - a year ago | (5â­) Goodâ¤ï¸ - 11 months ago,Othaim watch repair shop,+966 50 201 1248,050 201 1248,N/A,N/A,"Eastern ring road, MQWG+2F2ØŒ Ù…Ø®Ø±Ø¬ 14ØŒ Ø§Ù„Ø±ÙˆØ§Ø¨ÙŠØŒ Ø§Ù„Ø±ÙŠØ§Ø¶ 14215, Saudi Arabia"
90,90,Guess,(5â­) Good food - a year ago | (5â­) Goodâ¤ï¸ - 11 months ago,Othaim watch repair shop,+966 50 201 1248,050 201 1248,N/A,N/A,"Eastern ring road, MQWG+2F2ØŒ Ù…Ø®Ø±Ø¬ 14ØŒ Ø§Ù„Ø±ÙˆØ§Ø¨ÙŠØŒ Ø§Ù„Ø±ÙŠØ§Ø¶ 14215, Saudi Arabia"
91,91,"Ù…Ø§ÙŠ Ø³ÙƒØ§Ø±Ù , Ø§Ù„Ø¥Ø­Ø³Ø§Ø¡",(5â­) Good food - a year ago | (5â­) Goodâ¤ï¸ - 11 months ago,Othaim watch repair shop,+966 50 201 1248,050 201 1248,N/A,N/A,"Eastern ring road, MQWG+2F2ØŒ Ù…Ø®Ø±Ø¬ 14ØŒ Ø§Ù„Ø±ÙˆØ§Ø¨ÙŠØŒ Ø§Ù„Ø±ÙŠØ§Ø¶ 14215, Saudi Arabia"
92,92,Femi9ÙÙŠÙ…ÙŠ,(5â­) Good food - a year ago | (5â­) Goodâ¤ï¸ - 11 months ago,Othaim watch repair shop,+966 50 201 1248,050 201 1248,N/A,N/A,"Eastern ring road, MQWG+2F2ØŒ Ù…Ø®Ø±Ø¬ 14ØŒ Ø§Ù„Ø±ÙˆØ§Ø¨ÙŠØŒ Ø§Ù„Ø±ÙŠØ§Ø¶ 14215, Saudi Arabia"
93,93,Ø±ÙŠÙ†ÙŠØ³Ø§Ù†Ø³,(5â­) Good food - a year ago | (5â­) Goodâ¤ï¸ - 11 months ago,Othaim watch repair shop,+966 50 201 1248,050 201 1248,N/A,N/A,"Eastern ring road, MQWG+2F2ØŒ Ù…Ø®Ø±Ø¬ 14ØŒ Ø§Ù„Ø±ÙˆØ§Ø¨ÙŠØŒ Ø§Ù„Ø±ÙŠØ§Ø¶ 14215, Saudi Arabia"
94,94,Midi,(5â­) Good food - a year ago | (5â­) Goodâ¤ï¸ - 11 months ago,Othaim watch repair shop,+966 50 201 1248,050 201 1248,N/A,N/A,"Eastern ring road, MQWG+2F2ØŒ Ù…Ø®Ø±Ø¬ 14ØŒ Ø§Ù„Ø±ÙˆØ§Ø¨ÙŠØŒ Ø§Ù„Ø±ÙŠØ§Ø¶ 14215, Saudi Arabia"
95,95,Ø§Ù„ØºØ²Ø§Ù„ÙŠ,(5â­) Good food - a year ago | (5â­) Goodâ¤ï¸ - 11 months ago,Othaim watch repair shop,+966 50 201 1248,050 201 1248,N/A,N/A,"Eastern ring road, MQWG+2F2ØŒ Ù…Ø®Ø±Ø¬ 14ØŒ Ø§Ù„Ø±ÙˆØ§Ø¨ÙŠØŒ Ø§Ù„Ø±ÙŠØ§Ø¶ 14215, Saudi Arabia"
96,96,Ø³ØªØ±Ø§Ø¯ÙŠÙØ§Ø±ÙŠÙˆØ³,(5â­) Good food - a year ago | (5â­) Goodâ¤ï¸ - 11 months ago,Othaim watch repair shop,+966 50 201 1248,050 201 1248,N/A,N/A,"Eastern ring road, MQWG+2F2ØŒ Ù…Ø®Ø±Ø¬ 14ØŒ Ø§Ù„Ø±ÙˆØ§Ø¨ÙŠØŒ Ø§Ù„Ø±ÙŠØ§Ø¶ 14215, Saudi Arabia"
97,97,Ù…ÙƒÙŠØ§Ø¬ÙŠ,(5â­) Good food - a year ago | (5â­) Goodâ¤ï¸ - 11 months ago,Othaim watch repair shop,+966 50 201 1248,050 201 1248,N/A,N/A,"Eastern ring road, MQWG+2F2ØŒ Ù…Ø®Ø±Ø¬ 14ØŒ Ø§Ù„Ø±ÙˆØ§Ø¨ÙŠØŒ Ø§Ù„Ø±ÙŠØ§Ø¶ 14215, Saudi Arabia"
98,98,AJMAL | Ø£Ø¬Ù…Ù„,"(5â­) Had a fantastic experience at Ajmal Perfume, Othaim Mall, Special thanks to ""Abdul Aziz""! His warm welcome, Kind behavior, expert guidance, and patience in helping me find the perfect fragrance made my visit memorable. Exceptional service! surely will visit again and again because of you Brother Abdul Aziz. - a year ago | (5â­) I like the staff, very accommodating - a year ago | (4â­) Good place for arabian fragrances. - 5 years ago | (4â­) Nice - 12 months ago | (5â­) To good - 2 years ago",AJMAL,+966 11 257 2370,011 257 2370,"Monday: 12:30â€‰â€“â€‰5:30â€¯PM, 8:30â€¯PMâ€‰â€“â€‰2:30â€¯AM, Tuesday: 12:30â€‰â€“â€‰5:30â€¯PM, 8:30â€¯PMâ€‰â€“â€‰2:30â€¯AM, Wednesday: 12:30â€‰â€“â€‰5:30â€¯PM, 8:30â€¯PMâ€‰â€“â€‰2:30â€¯AM, Thursday: 12:30â€‰â€“â€‰5:30â€¯PM, 8:30â€¯PMâ€‰â€“â€‰2:30â€¯AM, Friday: 12:30â€‰â€“â€‰5:30â€¯PM, 8:30â€¯PMâ€‰â€“â€‰2:30â€¯AM, Saturday: 12:30â€‰â€“â€‰5:30â€¯PM, 8:30â€¯PMâ€‰â€“â€‰2:30â€¯AM, Sunday: 12:30â€‰â€“â€‰5:30â€¯PM, 8:30â€¯PMâ€‰â€“â€‰2:30â€¯AM",clothing_store,"Saffori landØŒ Eastern Ring Branch Rd, Ar Rabwah, Riyadh 12839, Saudi Arabia"
99,99,Ø¨Ø§Ø³ÙƒÙ† Ø±ÙˆØ¨Ù†Ø²,(5â­) Good food - a year ago | (5â­) Goodâ¤ï¸ - 11 months ago,Othaim watch repair shop,+966 50 201 1248,050 201 1248,N/A,N/A,"Eastern ring road, MQWG+2F2ØŒ Ù…Ø®Ø±Ø¬ 14ØŒ Ø§Ù„Ø±ÙˆØ§Ø¨ÙŠØŒ Ø§Ù„Ø±ÙŠØ§Ø¶ 14215, Saudi Arabia"
100,100,Ø§Ù„Ø¬ÙˆÙ‡ÙŠ Ø§Ù„Ø¹Ø§Ù„Ù…ÙŠØ© Ù„Ù„Ø¹Ù†Ø§ÙŠØ© Ø¨Ø§Ù„Ø´Ø¹Ø± ÙˆØ§Ù„Ø¨Ø´Ø±Ø©,No Reviews,Eastern Ring Branch Road & Exit 14,N/A,N/A,N/A,intersection,"Eastern Ring Branch Road & Exit 14, Ar Rabwah, Riyadh 12824, Saudi Arabia"
101,101,Ø§Ù„Ø¨Ø±Ù†Ø³ ØªÙˆÙŠØ²,No Reviews,Eastern Ring Branch Road & Exit 14,N/A,N/A,N/A,intersection,"Eastern Ring Branch Road & Exit 14, Ar Rabwah, Riyadh 12824, Saudi Arabia"
102,102,Colin's Store,(5â­) Good food - a year ago | (5â­) Goodâ¤ï¸ - 11 months ago,Othaim watch repair shop,+966 50 201 1248,050 201 1248,N/A,N/A,"Eastern ring road, MQWG+2F2ØŒ Ù…Ø®Ø±Ø¬ 14ØŒ Ø§Ù„Ø±ÙˆØ§Ø¨ÙŠØŒ Ø§Ù„Ø±ÙŠØ§Ø¶ 14215, Saudi Arabia"
103,103,Ø±ÙˆÙØ§ Ù„Ù„Ø¹Ø¨Ø§ÙŠØ§Øª ROVA ABAYA,No Reviews,Eastern Ring Branch Road & Exit 14,N/A,N/A,N/A,intersection,"Eastern Ring Branch Road & Exit 14, Ar Rabwah, Riyadh 12824, Saudi Arabia"
104,104,Ø³ØªØ§Ø± Ø³ÙŠØªÙŠ Ù„Ù„Ø¥ØªØµØ§Ù„Ø§Øª,(5â­) Good food - a year ago | (5â­) Goodâ¤ï¸ - 11 months ago,Othaim watch repair shop,+966 50 201 1248,050 201 1248,N/A,N/A,"Eastern ring road, MQWG+2F2ØŒ Ù…Ø®Ø±Ø¬ 14ØŒ Ø§Ù„Ø±ÙˆØ§Ø¨ÙŠØŒ Ø§Ù„Ø±ÙŠØ§Ø¶ 14215, Saudi Arabia"
105,105,Shoexpress Othaim Hofuf,No Reviews,Al Hofuf,N/A,N/A,N/A,N/A,Al Hofuf Saudi Arabia
106,106,Moka & more,"(3â­) Nice place, the coffee was good, but the forgot about our order and we had to remained them many times - 2 years ago | (1â­) Refused to use the entertainer though we are not in holidays or weekend - 2 years ago | (4â­) Good coffee and seating area - 2 years ago | (4â­) I liked their crape - 7 years ago | (4â­) Good - 5 years ago",Ù…ÙˆÙƒØ§ & Ù…ÙˆØ±,+966 55 222 0302,055 222 0302,"Monday: 9:30â€¯AMâ€‰â€“â€‰11:30â€¯PM, Tuesday: 9:30â€¯AMâ€‰â€“â€‰11:30â€¯PM, Wednesday: 9:30â€¯AMâ€‰â€“â€‰11:30â€¯PM, Thursday: 9:30â€¯AMâ€‰â€“â€‰11:30â€¯PM, Friday: 9:30â€¯AMâ€‰â€“â€‰11:30â€¯PM, Saturday: 9:30â€¯AMâ€‰â€“â€‰11:30â€¯PM, Sunday: 9:30â€¯AMâ€‰â€“â€‰11:30â€¯PM",cafe,"7454 Eastern Ring Branch Rd, Ar Rabwah, Riyadh 12839, Saudi Arabia"
107,107,Ø°ÙŠ Ø¨ÙˆØ¯ÙŠ Ø´ÙˆØ¨,(5â­) Good food - a year ago | (5â­) Goodâ¤ï¸ - 11 months ago,Othaim watch repair shop,+966 50 201 1248,050 201 1248,N/A,N/A,"Eastern ring road, MQWG+2F2ØŒ Ù…Ø®Ø±Ø¬ 14ØŒ Ø§Ù„Ø±ÙˆØ§Ø¨ÙŠØŒ Ø§Ù„Ø±ÙŠØ§Ø¶ 14215, Saudi Arabia"
108,108,Ø§Ù„Ù…Ø·Ø¹Ù… Ø§Ù„Ø§ÙŠØ±Ø§Ù†ÙŠ ÙÙŠØ±ÙˆØ²ÙŠ,(5â­) Good food - a year ago | (5â­) Goodâ¤ï¸ - 11 months ago,Othaim watch repair shop,+966 50 201 1248,050 201 1248,N/A,N/A,"Eastern ring road, MQWG+2F2ØŒ Ù…Ø®Ø±Ø¬ 14ØŒ Ø§Ù„Ø±ÙˆØ§Ø¨ÙŠØŒ Ø§Ù„Ø±ÙŠØ§Ø¶ 14215, Saudi Arabia"
109,109,Mobily Store - ÙØ±Ø¹ Ù…ÙˆØ¨Ø§ÙŠÙ„ÙŠ,(5â­) Good food - a year ago | (5â­) Goodâ¤ï¸ - 11 months ago,Othaim watch repair shop,+966 50 201 1248,050 201 1248,N/A,N/A,"Eastern ring road, MQWG+2F2ØŒ Ù…Ø®Ø±Ø¬ 14ØŒ Ø§Ù„Ø±ÙˆØ§Ø¨ÙŠØŒ Ø§Ù„Ø±ÙŠØ§Ø¶ 14215, Saudi Arabia"
110,110,OSN,(5â­) Good food - a year ago | (5â­) Goodâ¤ï¸ - 11 months ago,Othaim watch repair shop,+966 50 201 1248,050 201 1248,N/A,N/A,"Eastern ring road, MQWG+2F2ØŒ Ù…Ø®Ø±Ø¬ 14ØŒ Ø§Ù„Ø±ÙˆØ§Ø¨ÙŠØŒ Ø§Ù„Ø±ÙŠØ§Ø¶ 14215, Saudi Arabia"
111,111,ONTIME - The Timestylists Ø§ÙˆÙ† ØªØ§ÙŠÙ…,(5â­) Good food - a year ago | (5â­) Goodâ¤ï¸ - 11 months ago,Othaim watch repair shop,+966 50 201 1248,050 201 1248,N/A,N/A,"Eastern ring road, MQWG+2F2ØŒ Ù…Ø®Ø±Ø¬ 14ØŒ Ø§Ù„Ø±ÙˆØ§Ø¨ÙŠØŒ Ø§Ù„Ø±ÙŠØ§Ø¶ 14215, Saudi Arabia"
112,112,ÙÙŠÙƒØªÙˆØ±ÙŠØ§ Ø³ÙŠÙƒØ±ÙŠØª,(5â­) Good food - a year ago | (5â­) Goodâ¤ï¸ - 11 months ago,Othaim watch repair shop,+966 50 201 1248,050 201 1248,N/A,N/A,"Eastern ring road, MQWG+2F2ØŒ Ù…Ø®Ø±Ø¬ 14ØŒ Ø§Ù„Ø±ÙˆØ§Ø¨ÙŠØŒ Ø§Ù„Ø±ÙŠØ§Ø¶ 14215, Saudi Arabia"
113,113,ÙˆØ±Ù‚ Ø¹Ù†Ø¨ Ø³Ø§Ø±Ù…Ø§ Ø§Ù„Ø¹Ø«ÙŠÙ…,(5â­) Good food - a year ago | (5â­) Goodâ¤ï¸ - 11 months ago,Othaim watch repair shop,+966 50 201 1248,050 201 1248,N/A,N/A,"Eastern ring road, MQWG+2F2ØŒ Ù…Ø®Ø±Ø¬ 14ØŒ Ø§Ù„Ø±ÙˆØ§Ø¨ÙŠØŒ Ø§Ù„Ø±ÙŠØ§Ø¶ 14215, Saudi Arabia"
114,114,Zain KSA - Kiosk,(5â­) Good food - a year ago | (5â­) Goodâ¤ï¸ - 11 months ago,Othaim watch repair shop,+966 50 201 1248,050 201 1248,N/A,N/A,"Eastern ring road, MQWG+2F2ØŒ Ù…Ø®Ø±Ø¬ 14ØŒ Ø§Ù„Ø±ÙˆØ§Ø¨ÙŠØŒ Ø§Ù„Ø±ÙŠØ§Ø¶ 14215, Saudi Arabia"
115,115,Ø±ÙŠØªØ´Ù„ Ù„Ù„Ø¹Ø¨Ø§ÙŠØ§Øª,(5â­) Good food - a year ago | (5â­) Goodâ¤ï¸ - 11 months ago,Othaim watch repair shop,+966 50 201 1248,050 201 1248,N/A,N/A,"Eastern ring road, MQWG+2F2ØŒ Ù…Ø®Ø±Ø¬ 14ØŒ Ø§Ù„Ø±ÙˆØ§Ø¨ÙŠØŒ Ø§Ù„Ø±ÙŠØ§Ø¶ 14215, Saudi Arabia"
116,116,Ø§ÙŠØ³ ÙƒÙŠÙˆØ¨ ICECUBE,(5â­) Good food - a year ago | (5â­) Goodâ¤ï¸ - 11 months ago,Othaim watch repair shop,+966 50 201 1248,050 201 1248,N/A,N/A,"Eastern ring road, MQWG+2F2ØŒ Ù…Ø®Ø±Ø¬ 14ØŒ Ø§Ù„Ø±ÙˆØ§Ø¨ÙŠØŒ Ø§Ù„Ø±ÙŠØ§Ø¶ 14215, Saudi Arabia"
117,117,Ø¹Ø¨Ø§ÙŠØ§Øª Ø¨Ù„Ø§Ùƒ Ø±ÙˆØ²,(5â­) Good food - a year ago | (5â­) Goodâ¤ï¸ - 11 months ago,Othaim watch repair shop,+966 50 201 1248,050 201 1248,N/A,N/A,"Eastern ring road, MQWG+2F2ØŒ Ù…Ø®Ø±Ø¬ 14ØŒ Ø§Ù„Ø±ÙˆØ§Ø¨ÙŠØŒ Ø§Ù„Ø±ÙŠØ§Ø¶ 14215, Saudi Arabia"
118,118,Ø±ÙˆØ² Ù…ÙˆÙ†Ø¯ Ù„Ù„Ø¹Ø·ÙˆØ±,(5â­) Good food - a year ago | (5â­) Goodâ¤ï¸ - 11 months ago,Othaim watch repair shop,+966 50 201 1248,050 201 1248,N/A,N/A,"Eastern ring road, MQWG+2F2ØŒ Ù…Ø®Ø±Ø¬ 14ØŒ Ø§Ù„Ø±ÙˆØ§Ø¨ÙŠØŒ Ø§Ù„Ø±ÙŠØ§Ø¶ 14215, Saudi Arabia"
119,119,NYX professional makeup Ù†ÙƒØ³,(5â­) Good food - a year ago | (5â­) Goodâ¤ï¸ - 11 months ago,Othaim watch repair shop,+966 50 201 1248,050 201 1248,N/A,N/A,"Eastern ring road, MQWG+2F2ØŒ Ù…Ø®Ø±Ø¬ 14ØŒ Ø§Ù„Ø±ÙˆØ§Ø¨ÙŠØŒ Ø§Ù„Ø±ÙŠØ§Ø¶ 14215, Saudi Arabia"
120,120,MINISO | Ù…ÙŠÙ†ÙŠ Ø³Ùˆ Ø§Ù„Ø¹Ø«ÙŠÙ… Ù…ÙˆÙ„ Ø§Ù„Ø§Ø­Ø³Ø§Ø¡,"(5â­) Ø§Ù„Ù…ÙƒØ§Ù† Ø¬Ù…ÙŠÙ„ Ø¬Ø¯Ø§ Ø¨ØªØ±ØªÙŠØ¨Ù‡ . ÙˆØ³Ø¹Ø© Ù…Ø³Ø§Ø­ØªÙ‡ ÙˆØªÙ†ÙˆØ¹ Ù…Ø§ÙÙŠÙ‡ .
Ø³Ø§Ø­Ø± Ù„ÙƒÙ„ Ø§Ù„ÙØ¦Ø§Øª Ø§Ù„Ø¹Ù…Ø±ÙŠØ© Ø®ØµÙˆØµØ§ Ø§Ù„Ù…Ø±Ø§Ù‡Ù‚Ø§Øª .
Ø§Ù„Ø¨Ø¶Ø§Ø¹Ù‡ Ø¬ÙŠØ¯Ø© ÙˆÙ…Ù†ÙˆØ¹Ø© Ù…Ù† Ø£Ø¯ÙˆØ§Øª Ù…Ø·Ø¨Ø® Ø¨Ø³ÙŠØ·Ø© ÙƒØ§Ù„Ø§ÙƒÙˆØ§Ø¨ ØŒ ÙˆØ§Ù„Ù…Ù†Ø§Ø¯ÙŠÙ„ Ø¨Ø£Ù†ÙˆØ§Ø¹Ù‡Ø§ ÙˆØ§Ù„Ø¹Ø·ÙˆØ±Ø§Øª ØŒ ÙˆØ§Ù„Ø¯Ù…Ù‰ Ø§Ù„Ù‚Ø·Ù†ÙŠØ© ØŒ ÙˆØ§Ù„Ø£Ø¯ÙˆØ§Øª Ø§Ù„Ù…Ø¯Ø±Ø³ÙŠØ©. ÙˆØ§Ù„ÙÙˆØ· ØŒ ÙˆØ§ÙƒØ³Ø³ÙˆØ±Ø§Øª Ø§Ù„Ø´Ø¹Ø± ØŒ ÙˆØ§Ù„Ø­Ù‚Ø§Ø¦Ø¨ Ø¨Ø£Ù†ÙˆØ§Ø¹Ù‡Ø§ . ÙˆØ§Ø­Ø°ÙŠÙ‡ Ø§Ù„Ø¨ÙŠØª . ÙˆØ£Ù„Ø¹Ø§Ø¨ Ø§Ù„Ø£Ø·ÙØ§Ù„ .
Ø§Ù„Ø£Ø³Ø¹Ø§Ø± Ù…Ù†Ø§Ø³Ø¨Ù‡ . - 3 weeks ago | (2â­) ØªØ¹Ø§Ù…Ù„ Ø§Ù„Ù…ÙˆØ¸ÙØ§Øª Ø§Ù„ÙƒØ§Ø´ÙŠØ± Ø¬Ø¯Ø§ Ø¨Ø§Ø±Ø¯ ÙˆÙ„Ø§ ÙŠØªØ¬Ø§ÙˆØ¨ÙˆÙ† Ù…Ø¹ÙŠ ğŸ‘ğŸ¼ - 2 months ago | (5â­) No Review - 2 weeks ago | (5â­) No Review - 2 months ago",Ù…ÙŠÙ†ÙŠ Ø³Ùˆ Ø§Ù„Ø¹Ø«ÙŠÙ… Ù…ÙˆÙ„ Ø§Ù„Ø±ÙŠØ§Ø¶,+966 9200 20147,9200 20147,"Monday: 11:30â€¯AMâ€‰â€“â€‰5:00â€¯PM, 8:30â€¯PMâ€‰â€“â€‰2:30â€¯AM, Tuesday: 11:30â€¯AMâ€‰â€“â€‰5:00â€¯PM, 8:30â€¯PMâ€‰â€“â€‰2:30â€¯AM, Wednesday: 11:30â€¯AMâ€‰â€“â€‰5:00â€¯PM, 8:30â€¯PMâ€‰â€“â€‰2:30â€¯AM, Thursday: 11:30â€¯AMâ€‰â€“â€‰5:00â€¯PM, 8:30â€¯PMâ€‰â€“â€‰2:30â€¯AM, Friday: 1:30â€‰â€“â€‰5:00â€¯PM, 8:30â€¯PMâ€‰â€“â€‰2:30â€¯AM, Saturday: 11:30â€¯AMâ€‰â€“â€‰5:00â€¯PM, 8:30â€¯PMâ€‰â€“â€‰2:30â€¯AM, Sunday: 11:30â€¯AMâ€‰â€“â€‰5:00â€¯PM, 8:30â€¯PMâ€‰â€“â€‰2:30â€¯AM",store,"Ù…Ø®Ø±Ø¬ 14, Eastern Ring Branch Rd, Ø­ÙŠ Ø§Ù„Ø±Ø¨ÙˆØ©, Riyadh 12839, Saudi Arabia"
121,121,Oud Elite,(5â­) Good food - a year ago | (5â­) Goodâ¤ï¸ - 11 months ago,Othaim watch repair shop,+966 50 201 1248,050 201 1248,N/A,N/A,"Eastern ring road, MQWG+2F2ØŒ Ù…Ø®Ø±Ø¬ 14ØŒ Ø§Ù„Ø±ÙˆØ§Ø¨ÙŠØŒ Ø§Ù„Ø±ÙŠØ§Ø¶ 14215, Saudi Arabia"
122,122,Ø£ÙˆÙ„ÙŠÙØ± Ø¨Ø±Ø§ÙˆÙ†,"(4â­) Everything is good. The best cafÃ© in Othaim Mall ğŸ˜. Recommended ğŸ‘ - 4 years ago | (1â­) VERY BAD CUSTOMER SERVICE

Everyday I visit Oliver Brown cafe, usually during the after noon, the employees there are very welcoming during this time.

Today, I went to the cafe in the morning at about 10 am, it was closed and no one was there knowing that it usually opens about 8 to 9 am. I waited for about one hour and no one came. I went to a near coffee shop and I bought coffee.

After about half an hour the employee came, and she starting saying that we cannot drink our coffee there. So I ordered from her 2 cups  but she was very rude and she treated us very badly. She was insisting on us to buy desert from her otherwise we cannot stay. Also she said that we had to stay at the cafe from where we bought the coffee from, so we left.

Unfortunatly, it is my last time for me visiting this cafe.

I was extremely disappointed with this experience and the way that we got treated.

I strongly advise to seek for another cafe nearby to have a pleasant and enjoyable experience.

Its truly a shame that such a beuitiful space is marred by such a customer service experience. - a year ago | (2â­) I love their mugs , actually bought 2 to add to my collection. ( 2 stars for the coffee mugs)
The coffee was ok.. nothing special
Just another mall coffee shop..

I donâ€™t think I will last due to the competition in serving coffee in the mall - 6 years ago | (1â­) We ordered cappuccino, mojito, and pink chocolate milkshake and cake. The cappuccino is inedible, the cake is oily. Itâ€™s not made with milk, itâ€™s made with water!! They got our order wrong and served us the wrong drinks. I could not finish my milkshake as it was way too sweet. They did not have any diet sugar unlike all other cafÃ©s we have been to in Riyadh. My aunt was very disappointed and could not have anything to drink because she is diabetic. The food was unpleasant and very oily, especially the English cake. Overall, it was a very disappointing and unpleasant experience that was a complete shock to our expectations.

If I could give 0 stars, I would. - a year ago | (5â­) This coconut hot chocolate is DELICIOUS!!!!!! I Highly recommend everyone to try this, it is so rich yet coconuty. - 2 years ago",Oliver Brown Cafe,+966 58 138 7100,058 138 7100,"Monday: 10:00â€¯AMâ€‰â€“â€‰10:00â€¯PM, Tuesday: 10:00â€¯AMâ€‰â€“â€‰10:00â€¯PM, Wednesday: 10:00â€¯AMâ€‰â€“â€‰10:00â€¯PM, Thursday: 10:00â€¯AMâ€‰â€“â€‰10:00â€¯PM, Friday: Closed, Saturday: 10:00â€¯AMâ€‰â€“â€‰10:00â€¯PM, Sunday: 10:00â€¯AMâ€‰â€“â€‰10:00â€¯PM",cafe,"7454 Eastern Ring Branch Rd Ar Rabwah Riyadh 12839 4088 Eastern Ring Branch Rd, 4088, Ar Rabwah, Riyadh 12839, Saudi Arabia"
123,123,THE FACE SHOP Ø°Ø§ ÙÙŠØ³ Ø´ÙˆØ¨,(5â­) I love Dr. Belmeur foam cleanser it has helped me in soothing my skin and making my skin clear love this product 10/10 - 4 years ago | (5â­) Organic stuffs and it helped my skin alot. - 7 years ago | (5â­) Original products and great service - 3 years ago | (3â­) Below average shop for small accessories - 5 years ago | (5â­) Ø§Ù„ØµØ±Ø§Ø­Ø© Ø¹Ù† ØªØ¬Ø±Ø¨Ø© Ù…Ø±Ø© Ø­Ù„Ùˆ Ø±Ø®ÙŠØµ ÙˆØ§Ù„Ù…Ø§Ø³ÙƒØ§Øª ÙˆØ§Ù„ÙƒØ±ÙŠÙ…Ø§Øª Ø±ÙˆØ¹Ø© Ø§Ù†Ø§ Ø¬Ø±Ø¨Øª Ø§Ù„Ø®ÙŠØ§Ø± ÙˆØ§Ù„ØªÙˆØª ÙˆØ§Ù„Ø´ÙŠØ§ Ø§Ù†ØµØ­ÙƒÙ… ÙÙŠ Ø¹Ù†Ø¯Ù‡ Ù…Ø§Ø³ÙƒØ§Øª Ø·Ø¨ÙŠØ¹ÙŠØ© ÙˆÙ†Ø²Ù„Ùˆ ÙØªØ±Ø© Ù…Ù„Ù…Ø¹ Ø´ÙØ§Ù‡ Ø§Ù„Ø±ÙŠØ­Ø© Ù†Ø§Ø± Ø§Ù†Ø§ Ù…Ø§ Ø§Ø³ØªØ®Ø¯Ù… Ù…Ø§Ø³ÙƒØ§Øª ØºÙŠØ± Ù…Ù† Ø¹Ù†Ø¯Ù‡ - 5 years ago,THE FACE SHOP Ø°Ø§ ÙÙŠØ³ Ø´ÙˆØ¨,+966 9200 12824,9200 12824,N/A,store,"Othaim Mall, Eastern Ring Branch Road, Riyadh Saudi Arabia, Ø§Ù„Ø±Ø¨ÙˆØ©ØŒ Ø§Ù„Ø±ÙŠØ§Ø¶ 12839, Saudi Arabia"
124,124,Barkadelo,No Reviews,Eastern Ring Branch Road & Exit 14,N/A,N/A,N/A,intersection,"Eastern Ring Branch Road & Exit 14, Ar Rabwah, Riyadh 12824, Saudi Arabia"
125,125,Claire's,(5â­) Good food - a year ago | (5â­) Goodâ¤ï¸ - 11 months ago,Othaim watch repair shop,+966 50 201 1248,050 201 1248,N/A,N/A,"Eastern ring road, MQWG+2F2ØŒ Ù…Ø®Ø±Ø¬ 14ØŒ Ø§Ù„Ø±ÙˆØ§Ø¨ÙŠØŒ Ø§Ù„Ø±ÙŠØ§Ø¶ 14215, Saudi Arabia"
126,126,Kiabi,(5â­) Good food - a year ago | (5â­) Goodâ¤ï¸ - 11 months ago,Othaim watch repair shop,+966 50 201 1248,050 201 1248,N/A,N/A,"Eastern ring road, MQWG+2F2ØŒ Ù…Ø®Ø±Ø¬ 14ØŒ Ø§Ù„Ø±ÙˆØ§Ø¨ÙŠØŒ Ø§Ù„Ø±ÙŠØ§Ø¶ 14215, Saudi Arabia"
127,127,Ù…Ø±ÙƒØ² Ø§Ù„ØªØ¨Ø±Ø¹ Ø¨Ø§Ù„Ø¯Ù… (ÙˆØ²Ø§Ø±Ø© Ø§Ù„ØµØ­Ø©) Ø¯Ø§Ø®Ù„ Ù…Ø¬Ù…Ø¹ Ø§Ù„Ø¹Ø«ÙŠÙ…,(5â­) Good food - a year ago | (5â­) Goodâ¤ï¸ - 11 months ago,Othaim watch repair shop,+966 50 201 1248,050 201 1248,N/A,N/A,"Eastern ring road, MQWG+2F2ØŒ Ù…Ø®Ø±Ø¬ 14ØŒ Ø§Ù„Ø±ÙˆØ§Ø¨ÙŠØŒ Ø§Ù„Ø±ÙŠØ§Ø¶ 14215, Saudi Arabia"
128,128,Next,(5â­) Good food - a year ago | (5â­) Goodâ¤ï¸ - 11 months ago,Othaim watch repair shop,+966 50 201 1248,050 201 1248,N/A,N/A,"Eastern ring road, MQWG+2F2ØŒ Ù…Ø®Ø±Ø¬ 14ØŒ Ø§Ù„Ø±ÙˆØ§Ø¨ÙŠØŒ Ø§Ù„Ø±ÙŠØ§Ø¶ 14215, Saudi Arabia"
129,129,Ø£Ø¨ÙŠØ§Øª,No Reviews,Eastern Ring Branch Road & Exit 14,N/A,N/A,N/A,intersection,"Eastern Ring Branch Road & Exit 14, Ar Rabwah, Riyadh 12824, Saudi Arabia"
130,130,Krispy Kreme,(5â­) Good food - a year ago | (5â­) Goodâ¤ï¸ - 11 months ago,Othaim watch repair shop,+966 50 201 1248,050 201 1248,N/A,N/A,"Eastern ring road, MQWG+2F2ØŒ Ù…Ø®Ø±Ø¬ 14ØŒ Ø§Ù„Ø±ÙˆØ§Ø¨ÙŠØŒ Ø§Ù„Ø±ÙŠØ§Ø¶ 14215, Saudi Arabia"
131,131,Ù…Ø§Ø±ÙŠÙ…Ø¨Ø§,No Reviews,Eastern Ring Branch Road & Exit 14,N/A,N/A,N/A,intersection,"Eastern Ring Branch Road & Exit 14, Ar Rabwah, Riyadh 12824, Saudi Arabia"
132,132,Ø§Ù†ÙƒÙ„ ÙÙ„Ø§ÙÙŠ Uncle Fluffy Ahsa,(5â­) Good food - a year ago | (5â­) Goodâ¤ï¸ - 11 months ago,Othaim watch repair shop,+966 50 201 1248,050 201 1248,N/A,N/A,"Eastern ring road, MQWG+2F2ØŒ Ù…Ø®Ø±Ø¬ 14ØŒ Ø§Ù„Ø±ÙˆØ§Ø¨ÙŠØŒ Ø§Ù„Ø±ÙŠØ§Ø¶ 14215, Saudi Arabia"
133,133,Green Dragon Restaurant,No Reviews,Eastern Ring Branch Road & Exit 14,N/A,N/A,N/A,intersection,"Eastern Ring Branch Road & Exit 14, Ar Rabwah, Riyadh 12824, Saudi Arabia"
134,134,CinnZeo Coffee Ø³ÙŠÙ†Ø²ÙŠÙˆ,(5â­) Good food - a year ago | (5â­) Goodâ¤ï¸ - 11 months ago,Othaim watch repair shop,+966 50 201 1248,050 201 1248,N/A,N/A,"Eastern ring road, MQWG+2F2ØŒ Ù…Ø®Ø±Ø¬ 14ØŒ Ø§Ù„Ø±ÙˆØ§Ø¨ÙŠØŒ Ø§Ù„Ø±ÙŠØ§Ø¶ 14215, Saudi Arabia"
135,135,Blooming Othaim Mall Al Ahsa | Ø¨Ù„ÙˆÙ…Ù†Ø¬ Ø§Ù„Ø¹Ø«ÙŠÙ… Ù…ÙˆÙ„ Ø§Ù„Ø§Ø­Ø³Ø§Ø¡,No Reviews,Al Hofuf,N/A,N/A,N/A,N/A,Al Hofuf Saudi Arabia
136,136,Mothercare,(5â­) Good food - a year ago | (5â­) Goodâ¤ï¸ - 11 months ago,Othaim watch repair shop,+966 50 201 1248,050 201 1248,N/A,N/A,"Eastern ring road, MQWG+2F2ØŒ Ù…Ø®Ø±Ø¬ 14ØŒ Ø§Ù„Ø±ÙˆØ§Ø¨ÙŠØŒ Ø§Ù„Ø±ÙŠØ§Ø¶ 14215, Saudi Arabia"
137,137,Ø§Ù„Ù…ÙƒØªØ¨Ø© Ø§Ù„ÙˆØ·Ù†ÙŠØ© Ø§Ù„Ø¬Ø¯ÙŠØ¯Ø©,No Reviews,Eastern Ring Branch Road & Exit 14,N/A,N/A,N/A,intersection,"Eastern Ring Branch Road & Exit 14, Ar Rabwah, Riyadh 12824, Saudi Arabia"
138,138,Ø§Ù„Ø¨Ø§Ø°Ø± Ø°Ù‡Ø¨ Ø§Ù„Ù…Ø§Ø³,No Reviews,Eastern Ring Branch Road & Exit 14,N/A,N/A,N/A,intersection,"Eastern Ring Branch Road & Exit 14, Ar Rabwah, Riyadh 12824, Saudi Arabia"
139,139,Uptown,(5â­) Good food - a year ago | (5â­) Goodâ¤ï¸ - 11 months ago,Othaim watch repair shop,+966 50 201 1248,050 201 1248,N/A,N/A,"Eastern ring road, MQWG+2F2ØŒ Ù…Ø®Ø±Ø¬ 14ØŒ Ø§Ù„Ø±ÙˆØ§Ø¨ÙŠØŒ Ø§Ù„Ø±ÙŠØ§Ø¶ 14215, Saudi Arabia"
140,140,Daiso. Ø¯Ø§ÙŠØ³Ùˆ,(5â­) Good food - a year ago | (5â­) Goodâ¤ï¸ - 11 months ago,Othaim watch repair shop,+966 50 201 1248,050 201 1248,N/A,N/A,"Eastern ring road, MQWG+2F2ØŒ Ù…Ø®Ø±Ø¬ 14ØŒ Ø§Ù„Ø±ÙˆØ§Ø¨ÙŠØŒ Ø§Ù„Ø±ÙŠØ§Ø¶ 14215, Saudi Arabia"
141,141,Ù…Ø·Ø§Ø¹Ù… Ø§Ù„Ù…Ø°Ø§Ù‚ Ø§Ù„Ø¹Ø±Ø§Ù‚ÙŠ Ø§Ù„Ø§ÙƒØ³Ø¨Ø±Ø³,No Reviews,Iraq,N/A,N/A,N/A,N/A,Iraq
142,142,nichii - Al Othaim Mall AL HASA,(5â­) Good food - a year ago | (5â­) Goodâ¤ï¸ - 11 months ago,Othaim watch repair shop,+966 50 201 1248,050 201 1248,N/A,N/A,"Eastern ring road, MQWG+2F2ØŒ Ù…Ø®Ø±Ø¬ 14ØŒ Ø§Ù„Ø±ÙˆØ§Ø¨ÙŠØŒ Ø§Ù„Ø±ÙŠØ§Ø¶ 14215, Saudi Arabia"
143,143,Ø¹Ø·ÙˆØ± Ø±Ø³ÙŠØ³ | Rasees Perfumes,(5â­) Good food - a year ago | (5â­) Goodâ¤ï¸ - 11 months ago,Othaim watch repair shop,+966 50 201 1248,050 201 1248,N/A,N/A,"Eastern ring road, MQWG+2F2ØŒ Ù…Ø®Ø±Ø¬ 14ØŒ Ø§Ù„Ø±ÙˆØ§Ø¨ÙŠØŒ Ø§Ù„Ø±ÙŠØ§Ø¶ 14215, Saudi Arabia"
144,144,Ù†Ø¹ÙˆÙ…ÙŠ Ø§Ù„Ø¹Ø«ÙŠÙ…Ùˆ Ù…ÙˆÙ„ Ø§Ù„Ø§Ø­Ø³Ø§Ø¡,(5â­) Good food - a year ago | (5â­) Goodâ¤ï¸ - 11 months ago,Othaim watch repair shop,+966 50 201 1248,050 201 1248,N/A,N/A,"Eastern ring road, MQWG+2F2ØŒ Ù…Ø®Ø±Ø¬ 14ØŒ Ø§Ù„Ø±ÙˆØ§Ø¨ÙŠØŒ Ø§Ù„Ø±ÙŠØ§Ø¶ 14215, Saudi Arabia"
145,145,ÙƒÙŠÙˆ&Ø§ÙŠÙ‡ Q&A,(5â­) Good food - a year ago | (5â­) Goodâ¤ï¸ - 11 months ago,Othaim watch repair shop,+966 50 201 1248,050 201 1248,N/A,N/A,"Eastern ring road, MQWG+2F2ØŒ Ù…Ø®Ø±Ø¬ 14ØŒ Ø§Ù„Ø±ÙˆØ§Ø¨ÙŠØŒ Ø§Ù„Ø±ÙŠØ§Ø¶ 14215, Saudi Arabia"
146,146,Ø¨ÙŠÙˆØªÙŠ Ø³ÙŠÙƒØ±ØªØ³ - Beauty Secrets,(5â­) Good food - a year ago | (5â­) Goodâ¤ï¸ - 11 months ago,Othaim watch repair shop,+966 50 201 1248,050 201 1248,N/A,N/A,"Eastern ring road, MQWG+2F2ØŒ Ù…Ø®Ø±Ø¬ 14ØŒ Ø§Ù„Ø±ÙˆØ§Ø¨ÙŠØŒ Ø§Ù„Ø±ÙŠØ§Ø¶ 14215, Saudi Arabia"
147,147,Indian Kitchen Express,No Reviews,Eastern Ring Branch Road & Exit 14,N/A,N/A,N/A,intersection,"Eastern Ring Branch Road & Exit 14, Ar Rabwah, Riyadh 12824, Saudi Arabia"
148,148,Cinnabon,(5â­) Good food - a year ago | (5â­) Goodâ¤ï¸ - 11 months ago,Othaim watch repair shop,+966 50 201 1248,050 201 1248,N/A,N/A,"Eastern ring road, MQWG+2F2ØŒ Ù…Ø®Ø±Ø¬ 14ØŒ Ø§Ù„Ø±ÙˆØ§Ø¨ÙŠØŒ Ø§Ù„Ø±ÙŠØ§Ø¶ 14215, Saudi Arabia"
149,149,Milano,No Reviews,Milan,N/A,N/A,N/A,N/A,"Milan, Metropolitan City of Milan, Italy"
150,150,Victoria's Secret Beauty & Accessories,(5â­) Good food - a year ago | (5â­) Goodâ¤ï¸ - 11 months ago,Othaim watch repair shop,+966 50 201 1248,050 201 1248,N/A,N/A,"Eastern ring road, MQWG+2F2ØŒ Ù…Ø®Ø±Ø¬ 14ØŒ Ø§Ù„Ø±ÙˆØ§Ø¨ÙŠØŒ Ø§Ù„Ø±ÙŠØ§Ø¶ 14215, Saudi Arabia"
151,151,Ø¬Ù‡Ø§Ø² Ø®Ø¯Ù…Ø© Ø£Ø¨Ø´Ø±,(5â­) Good food - a year ago | (5â­) Goodâ¤ï¸ - 11 months ago,Othaim watch repair shop,+966 50 201 1248,050 201 1248,N/A,N/A,"Eastern ring road, MQWG+2F2ØŒ Ù…Ø®Ø±Ø¬ 14ØŒ Ø§Ù„Ø±ÙˆØ§Ø¨ÙŠØŒ Ø§Ù„Ø±ÙŠØ§Ø¶ 14215, Saudi Arabia"
152,152,Skechers - Al Othaim Mall - Al Ahsa,(5â­) Good food - a year ago | (5â­) Goodâ¤ï¸ - 11 months ago,Othaim watch repair shop,+966 50 201 1248,050 201 1248,N/A,N/A,"Eastern ring road, MQWG+2F2ØŒ Ù…Ø®Ø±Ø¬ 14ØŒ Ø§Ù„Ø±ÙˆØ§Ø¨ÙŠØŒ Ø§Ù„Ø±ÙŠØ§Ø¶ 14215, Saudi Arabia"
153,153,Olabs CafÃ© and Roastery | Ù…Ù‚Ù‡Ù‰ ÙˆÙ…Ø­Ù…ØµØ© Ø§ÙˆÙ„Ø§Ø¨Ø²,No Reviews,Eastern Ring Branch Road & Exit 14,N/A,N/A,N/A,intersection,"Eastern Ring Branch Road & Exit 14, Ar Rabwah, Riyadh 12824, Saudi Arabia"
154,154,ØµÙ„Ø©,(5â­) Good food - a year ago | (5â­) Goodâ¤ï¸ - 11 months ago,Othaim watch repair shop,+966 50 201 1248,050 201 1248,N/A,N/A,"Eastern ring road, MQWG+2F2ØŒ Ù…Ø®Ø±Ø¬ 14ØŒ Ø§Ù„Ø±ÙˆØ§Ø¨ÙŠØŒ Ø§Ù„Ø±ÙŠØ§Ø¶ 14215, Saudi Arabia"
155,155,Wafi,(5â­) Good food - a year ago | (5â­) Goodâ¤ï¸ - 11 months ago,Othaim watch repair shop,+966 50 201 1248,050 201 1248,N/A,N/A,"Eastern ring road, MQWG+2F2ØŒ Ù…Ø®Ø±Ø¬ 14ØŒ Ø§Ù„Ø±ÙˆØ§Ø¨ÙŠØŒ Ø§Ù„Ø±ÙŠØ§Ø¶ 14215, Saudi Arabia"
156,156,M.A.C,(5â­) Good food - a year ago | (5â­) Goodâ¤ï¸ - 11 months ago,Othaim watch repair shop,+966 50 201 1248,050 201 1248,N/A,N/A,"Eastern ring road, MQWG+2F2ØŒ Ù…Ø®Ø±Ø¬ 14ØŒ Ø§Ù„Ø±ÙˆØ§Ø¨ÙŠØŒ Ø§Ù„Ø±ÙŠØ§Ø¶ 14215, Saudi Arabia"
157,157,"FACES - Othaim Mall, Hassa",(5â­) Good food - a year ago | (5â­) Goodâ¤ï¸ - 11 months ago,Othaim watch repair shop,+966 50 201 1248,050 201 1248,N/A,N/A,"Eastern ring road, MQWG+2F2ØŒ Ù…Ø®Ø±Ø¬ 14ØŒ Ø§Ù„Ø±ÙˆØ§Ø¨ÙŠØŒ Ø§Ù„Ø±ÙŠØ§Ø¶ 14215, Saudi Arabia"
158,158,GIORDANO | Ø¬ÙŠÙˆØ±Ø¯Ø§Ù†Ùˆ,(5â­) V.good - 4 months ago | (2â­) This outlet appears closed everytime. - a year ago | (5â­) Good service and nice clothes - 3 years ago | (5â­) Ø®Ø§Ù„Ø¯ Ø§Ù„Ø¹Ù†Ø²ÙŠ ÙƒØ§Ù† Ù…ØªØ¹Ø§ÙˆÙ† Ù…Ø¹Ù†Ø§ Ù…Ø§Ø´Ø§Ø¡Ø§Ù„Ù„Ù‡ ÙˆØ¹Ø±Ù ÙƒÙŠÙ ÙŠÙ‚Ù†Ø¹Ù†Ø§ ÙˆÙ„Ø³Ø§Ù†Ù‡ Ø·ÙŠØ¨ Ù…Ø¹ Ø§Ù„Ø²Ø¨Ø§ÙŠÙ† ÙŠØ¹Ø·ÙŠÙ‡ Ø§Ù„Ù Ø¹Ø§ÙÙŠÙ‡ Ù…Ø§ Ù‚ØµØ± - 5 months ago | (4â­) Ø§Ù„Ù…Ø¹Ø§Ù…Ù„Ø© Ù…Ù…ØªØ§Ø²Ø© . Ø§Ù„Ø£Ø³Ø¹Ø§Ø± Ù…Ø±ØªÙØ¹Ø© Ù†ÙˆØ¹Ø§Ù‹ Ù…Ø§. Ù„ÙƒÙ† ÙˆÙ‚Øª Ø§Ù„ØªØ®ÙÙŠØ¶Ø§Øª Ø£Ø³Ø¹Ø§Ø±Ù‡Ù… ØªÙƒÙˆÙ† Ù…Ù†Ø§Ø³Ø¨Ø© Ø¬Ø¯Ø§Ù‹. - 3 years ago,GIORDANO | Ø¬ÙŠÙˆØ±Ø¯Ø§Ù†Ùˆ,+966 800 111 0128,800 111 0128,"Monday: 12:30â€‰â€“â€‰5:30â€¯PM, 8:30â€¯PMâ€‰â€“â€‰2:00â€¯AM, Tuesday: 12:30â€‰â€“â€‰5:30â€¯PM, 8:30â€¯PMâ€‰â€“â€‰2:00â€¯AM, Wednesday: 12:30â€‰â€“â€‰5:30â€¯PM, 8:30â€¯PMâ€‰â€“â€‰2:00â€¯AM, Thursday: 12:30â€‰â€“â€‰5:30â€¯PM, 8:30â€¯PMâ€‰â€“â€‰2:00â€¯AM, Friday: 2:30â€‰â€“â€‰5:30â€¯PM, 7:00â€¯PMâ€‰â€“â€‰2:00â€¯AM, Saturday: 12:30â€‰â€“â€‰5:30â€¯PM, 8:30â€¯PMâ€‰â€“â€‰2:00â€¯AM, Sunday: 12:30â€‰â€“â€‰5:30â€¯PM, 8:30â€¯PMâ€‰â€“â€‰2:00â€¯AM",clothing_store,"Ø§Ù„Ø¹Ø«ÙŠÙ… Ù…ÙˆÙ„ Othaim MallØŒ Ù…Ø®Ø±Ø¬ 14ØŒ Eastern Ring Branch Rd, Ar Rabwah, Riyadh 12839, Saudi Arabia"
159,159,Ø¨ÙˆØ´Ø§Ùƒ Ø§Ù„Ø¹Ø«ÙŠÙ… Ù…ÙˆÙ„ | POSHAK Othaim Mall - Hassa,(5â­) Good food - a year ago | (5â­) Goodâ¤ï¸ - 11 months ago,Othaim watch repair shop,+966 50 201 1248,050 201 1248,N/A,N/A,"Eastern ring road, MQWG+2F2ØŒ Ù…Ø®Ø±Ø¬ 14ØŒ Ø§Ù„Ø±ÙˆØ§Ø¨ÙŠØŒ Ø§Ù„Ø±ÙŠØ§Ø¶ 14215, Saudi Arabia"
160,160,Barakat Optical | Ù†Ø¸Ø§Ø±Ø§Øª Ø§Ù„Ø¨Ø±ÙƒØ§Øª,"(1â­) Worst place I have ever tried to get glasses from. Bought a pair and they could not get the progressive lenses right, return them and asked for my money back, they declined. After a few months tried again to claim the glasses with a new frame and this time they neven got the prescription wrong, incredible. Had to got to an outisde optician to verify the glasses and proof to them they were wrong, have spend time and money and still I don't have my glasses. I do not recommend this place at all.

Was asked to call a phone number and spoke with the person but no solution given. Refrain from purchasing anything is this optical store is terrible. - a month ago | (5â­) Very accomodating employees/staff, very
informative and well in consultation eye doctor, the place is very neat and very convenient to customer. Looking forward to see them again. - a year ago | (4â­) We visited on Sunday night. We spoke to an excellent assistant who was polite and explained our options very well although we took a long time decided what we wanted. - 5 years ago | (1â­) Arrived at 20:16. Shop was supposed to be open till 23:00. One guy sat there and gestured it was closed. Obviously Barakat donâ€™t want the business.
Third place we visited and the same situation. - 5 years ago | (5â­) Thx Mr Mohamed fekry For your good service - 2 years ago",Barakat Optical | Ù†Ø¸Ø§Ø±Ø§Øª Ø§Ù„Ø¨Ø±ÙƒØ§Øª,+966 11 253 5226,011 253 5226,"Monday: 11:00â€¯AMâ€‰â€“â€‰5:00â€¯PM, 9:00â€¯PMâ€‰â€“â€‰2:00â€¯AM, Tuesday: 11:00â€¯AMâ€‰â€“â€‰5:00â€¯PM, 8:00â€¯PMâ€‰â€“â€‰2:00â€¯AM, Wednesday: 11:00â€¯AMâ€‰â€“â€‰5:00â€¯PM, 8:00â€¯PMâ€‰â€“â€‰2:00â€¯AM, Thursday: 11:00â€¯AMâ€‰â€“â€‰5:00â€¯PM, 8:00â€¯PMâ€‰â€“â€‰2:00â€¯AM, Friday: 8:00â€¯PMâ€‰â€“â€‰2:00â€¯AM, Saturday: 11:00â€¯AMâ€‰â€“â€‰5:00â€¯PM, 8:00â€¯PMâ€‰â€“â€‰2:00â€¯AM, Sunday: 11:00â€¯AMâ€‰â€“â€‰5:00â€¯PM, 8:00â€¯PMâ€‰â€“â€‰2:00â€¯AM",store,"Granada Mall, Eastern Ring Rd, Ghirnatah, Riyadh 13241, Saudi Arabia"
161,161,Vitamin Palace | Ù‚ØµØ± Ø§Ù„ÙÙŠØªØ§Ù…ÙŠÙ†,No Reviews,Eastern Ring Branch Road & Exit 14,N/A,N/A,N/A,intersection,"Eastern Ring Branch Road & Exit 14, Ar Rabwah, Riyadh 12824, Saudi Arabia"
162,162,Popeyes - Othaim Al Ahsa,(5â­) Good food - a year ago | (5â­) Goodâ¤ï¸ - 11 months ago,Othaim watch repair shop,+966 50 201 1248,050 201 1248,N/A,N/A,"Eastern ring road, MQWG+2F2ØŒ Ù…Ø®Ø±Ø¬ 14ØŒ Ø§Ù„Ø±ÙˆØ§Ø¨ÙŠØŒ Ø§Ù„Ø±ÙŠØ§Ø¶ 14215, Saudi Arabia"
163,163,ÙƒÙ„ÙŠØ±ÙƒÙˆØª Clear Coat | Mobile Outfitters,No Reviews,Eastern Ring Branch Road & Exit 14,N/A,N/A,N/A,intersection,"Eastern Ring Branch Road & Exit 14, Ar Rabwah, Riyadh 12824, Saudi Arabia"
164,164,OZEN ABYA | Ø¹Ø¨Ø§ÙŠØ© Ø§ÙˆØ²Ù†,No Reviews,Eastern Ring Branch Road & Exit 14,N/A,N/A,N/A,intersection,"Eastern Ring Branch Road & Exit 14, Ar Rabwah, Riyadh 12824, Saudi Arabia"
165,165,Ø§Ù„Ø¹Ø«ÙŠÙ… Ø¨ÙˆØ§Ø¨Ø© 3,(5â­) Good food - a year ago | (5â­) Goodâ¤ï¸ - 11 months ago,Othaim watch repair shop,+966 50 201 1248,050 201 1248,N/A,N/A,"Eastern ring road, MQWG+2F2ØŒ Ù…Ø®Ø±Ø¬ 14ØŒ Ø§Ù„Ø±ÙˆØ§Ø¨ÙŠØŒ Ø§Ù„Ø±ÙŠØ§Ø¶ 14215, Saudi Arabia"
166,166,Domino's Ø¯ÙˆÙ…ÙŠÙ†ÙˆØ²,(5â­) Good food - a year ago | (5â­) Goodâ¤ï¸ - 11 months ago,Othaim watch repair shop,+966 50 201 1248,050 201 1248,N/A,N/A,"Eastern ring road, MQWG+2F2ØŒ Ù…Ø®Ø±Ø¬ 14ØŒ Ø§Ù„Ø±ÙˆØ§Ø¨ÙŠØŒ Ø§Ù„Ø±ÙŠØ§Ø¶ 14215, Saudi Arabia"
167,167,Al-Herbish Optics Ø§Ù„Ø­Ø±Ø¨Ø´ Ù„Ù„Ø¨ØµØ±ÙŠØ§Øª,(5â­) Good food - a year ago | (5â­) Goodâ¤ï¸ - 11 months ago,Othaim watch repair shop,+966 50 201 1248,050 201 1248,N/A,N/A,"Eastern ring road, MQWG+2F2ØŒ Ù…Ø®Ø±Ø¬ 14ØŒ Ø§Ù„Ø±ÙˆØ§Ø¨ÙŠØŒ Ø§Ù„Ø±ÙŠØ§Ø¶ 14215, Saudi Arabia"
168,168,Ø§Ù„Ø±Ø´Ø§Ù‚Ø© Ø§Ù„Ø³Ø¹ÙŠØ¯Ø©,(5â­) Good food - a year ago | (5â­) Goodâ¤ï¸ - 11 months ago,Othaim watch repair shop,+966 50 201 1248,050 201 1248,N/A,N/A,"Eastern ring road, MQWG+2F2ØŒ Ù…Ø®Ø±Ø¬ 14ØŒ Ø§Ù„Ø±ÙˆØ§Ø¨ÙŠØŒ Ø§Ù„Ø±ÙŠØ§Ø¶ 14215, Saudi Arabia"
169,169,ORANGE BED & BATH | Ø§ÙˆØ±Ù†Ø¬ Ø¨ÙŠØ¯ & Ø¨Ø§Ø«,(5â­) Good food - a year ago | (5â­) Goodâ¤ï¸ - 11 months ago,Othaim watch repair shop,+966 50 201 1248,050 201 1248,N/A,N/A,"Eastern ring road, MQWG+2F2ØŒ Ù…Ø®Ø±Ø¬ 14ØŒ Ø§Ù„Ø±ÙˆØ§Ø¨ÙŠØŒ Ø§Ù„Ø±ÙŠØ§Ø¶ 14215, Saudi Arabia"
170,170,Ø¹ÙŠØ§Ø¯Ø© Ø¬Ù„Ø¯ÙŠØ©-Ù…Ø±Ø§ÙƒØ² Ø±Ø§Ù… Ø§Ù„Ø·Ø¨ÙŠØ©- Ø¹ÙŠØ§Ø¯Ø§Øª Ø±Ø§Ù…,No Reviews,Eastern Ring Branch Road & Exit 14,N/A,N/A,N/A,intersection,"Eastern Ring Branch Road & Exit 14, Ar Rabwah, Riyadh 12824, Saudi Arabia"
171,171,ØµØ§Ù„ÙˆÙ† Ø±ÙˆØ§Ø¯ Ø§Ù„Ø§Ø·ÙØ§Ù„ Ù„Ù„Ø­Ù„Ø§Ù‚Ø©,(5â­) Good food - a year ago | (5â­) Goodâ¤ï¸ - 11 months ago,Othaim watch repair shop,+966 50 201 1248,050 201 1248,N/A,N/A,"Eastern ring road, MQWG+2F2ØŒ Ù…Ø®Ø±Ø¬ 14ØŒ Ø§Ù„Ø±ÙˆØ§Ø¨ÙŠØŒ Ø§Ù„Ø±ÙŠØ§Ø¶ 14215, Saudi Arabia"
172,172,H&M,(5â­) Good food - a year ago | (5â­) Goodâ¤ï¸ - 11 months ago,Othaim watch repair shop,+966 50 201 1248,050 201 1248,N/A,N/A,"Eastern ring road, MQWG+2F2ØŒ Ù…Ø®Ø±Ø¬ 14ØŒ Ø§Ù„Ø±ÙˆØ§Ø¨ÙŠØŒ Ø§Ù„Ø±ÙŠØ§Ø¶ 14215, Saudi Arabia"
173,173,Ø­Ø³Ù† Ø§Ù„Ù†Ù…Ø± Ù„Ù„Ù…Ø¬ÙˆÙ‡Ø±Ø§Øª Ø§Ù„Ø¹Ø«ÙŠÙ… Ù…ÙˆÙ„ Ø§Ù„Ø§Ø­Ø³Ø§Ø¡,(5â­) Good food - a year ago | (5â­) Goodâ¤ï¸ - 11 months ago,Othaim watch repair shop,+966 50 201 1248,050 201 1248,N/A,N/A,"Eastern ring road, MQWG+2F2ØŒ Ù…Ø®Ø±Ø¬ 14ØŒ Ø§Ù„Ø±ÙˆØ§Ø¨ÙŠØŒ Ø§Ù„Ø±ÙŠØ§Ø¶ 14215, Saudi Arabia"
174,174,Ø¶ÙŠØ§ÙØ© Ø§Ù„Ø·ÙÙ„ Ø§Ù„Ø®Ø§Ø±Ù‚ Ù„Ù„Ø§Ø·ÙØ§Ù„,(5â­) Good food - a year ago | (5â­) Goodâ¤ï¸ - 11 months ago,Othaim watch repair shop,+966 50 201 1248,050 201 1248,N/A,N/A,"Eastern ring road, MQWG+2F2ØŒ Ù…Ø®Ø±Ø¬ 14ØŒ Ø§Ù„Ø±ÙˆØ§Ø¨ÙŠØŒ Ø§Ù„Ø±ÙŠØ§Ø¶ 14215, Saudi Arabia"
175,175,Nahdi pharmacy | ØµÙŠØ¯Ù„ÙŠÙ‡ Ø§Ù„Ù†Ù‡Ø¯Ù‰,(5â­) Good food - a year ago | (5â­) Goodâ¤ï¸ - 11 months ago,Othaim watch repair shop,+966 50 201 1248,050 201 1248,N/A,N/A,"Eastern ring road, MQWG+2F2ØŒ Ù…Ø®Ø±Ø¬ 14ØŒ Ø§Ù„Ø±ÙˆØ§Ø¨ÙŠØŒ Ø§Ù„Ø±ÙŠØ§Ø¶ 14215, Saudi Arabia"
176,176,Ø´Ø§ÙˆØ±Ù…Ø§ ÙƒÙ†Ø¬ | Shawarma King,"(1â­) Every step behaviour is very bad,
Everyone Don't know how to face customers and delivery man,
Online delivery service very bad, - 2 months ago | (5â­) food safety is very good  and all staff hygiene is Very smart - a month ago | (5â­) Good ğŸ‘ğŸ˜Š - 2 months ago | (5â­) Shawarma King good - a month ago | (5â­) Good ğŸ‘ - a month ago",Ø´Ø§ÙˆØ±Ù…Ø§ ÙƒÙ†Ø¬ | Shawarma King,+966 55 429 2979,055 429 2979,"Monday: 1:00â€¯PMâ€‰â€“â€‰1:00â€¯AM, Tuesday: 1:00â€¯PMâ€‰â€“â€‰1:00â€¯AM, Wednesday: 1:00â€¯PMâ€‰â€“â€‰1:00â€¯AM, Thursday: 1:00â€¯PMâ€‰â€“â€‰1:00â€¯AM, Friday: 1:00â€¯PMâ€‰â€“â€‰1:00â€¯AM, Saturday: 1:00â€¯PMâ€‰â€“â€‰1:00â€¯AM, Sunday: 1:00â€¯PMâ€‰â€“â€‰1:00â€¯AM",middle_eastern_restaurant,"Othaim Mall, ÙŠÙ‚Ø¹ Ø¯Ø§Ø®Ù„ Ø§Ù„Ø¹Ø«ÙŠÙ… Ù…ÙˆÙ„, Exit 15ØŒ Ø§Ù„Ø·Ø±ÙŠÙ‚ Ø§Ù„Ø¯Ø§Ø¦Ø±ÙŠ Ø§Ù„Ø´Ø±Ù‚ÙŠ Ø§Ù„ÙØ±Ø¹ÙŠØŒ Ø§Ù„Ø±Ø¨ÙˆØ©ØŒ Ø§Ù„Ø±ÙŠØ§Ø¶ 12839, Saudi Arabia"
177,177,ÙˆØ¬ÙˆÙ‡,(5â­) Good food - a year ago | (5â­) Goodâ¤ï¸ - 11 months ago,Othaim watch repair shop,+966 50 201 1248,050 201 1248,N/A,N/A,"Eastern ring road, MQWG+2F2ØŒ Ù…Ø®Ø±Ø¬ 14ØŒ Ø§Ù„Ø±ÙˆØ§Ø¨ÙŠØŒ Ø§Ù„Ø±ÙŠØ§Ø¶ 14215, Saudi Arabia"
178,178,City Max,"(5â­) Max is famous shop for clothes,  footwear, bathrooms accessories, and many more other household items. Reasonable price and good quality. Service is good. Maintained well. Supportive staff. Parking available infront of gate one rimal mall. Night dresses and inner wear are good quality.  Fashionable clothes. - 4 years ago | (5â­) Good store, here in uper position some product have discount. All age groups , also in shoes. I check only this Max store have discount. - 3 years ago | (1â­) No priority for online cilick and collect, staff's are very careless
Billing too slowly - 3 months ago | (4â­) Good big shop, all varieties for men, women, children's varieties of cloths available. - 5 years ago | (1â­) Not worth shopping. Only one cashier on counter and one for return.. More than 25 minutes on counter... I don't know why  Max have invested  in self check out counter when it is not to be used... - a year ago",Max,N/A,N/A,"Monday: 9:30â€¯AMâ€‰â€“â€‰11:30â€¯PM, Tuesday: 9:30â€¯AMâ€‰â€“â€‰11:30â€¯PM, Wednesday: 9:30â€¯AMâ€‰â€“â€‰12:00â€¯PM, 4:30â€‰â€“â€‰11:30â€¯PM, Thursday: 9:30â€¯AMâ€‰â€“â€‰12:00â€¯PM, 4:30â€‰â€“â€‰11:30â€¯PM, Friday: 4:30â€‰â€“â€‰11:30â€¯PM, Saturday: 9:30â€¯AMâ€‰â€“â€‰12:00â€¯PM, 4:30â€‰â€“â€‰11:30â€¯PM, Sunday: 9:30â€¯AMâ€‰â€“â€‰11:30â€¯PM",clothing_store,"Eastern Ring Branch Rd, Ar Rawabi, Riyadh 14215, Saudi Arabia"
179,179,Ø¹Ø·ÙˆØ± ÙÙŠØµÙ„ Ø§Ù„Ø¯Ø§ÙŠÙ„,(5â­) Good food - a year ago | (5â­) Goodâ¤ï¸ - 11 months ago,Othaim watch repair shop,+966 50 201 1248,050 201 1248,N/A,N/A,"Eastern ring road, MQWG+2F2ØŒ Ù…Ø®Ø±Ø¬ 14ØŒ Ø§Ù„Ø±ÙˆØ§Ø¨ÙŠØŒ Ø§Ù„Ø±ÙŠØ§Ø¶ 14215, Saudi Arabia"
180,180,ÙØ§Ø¨ÙŠØ§Ù† FABIAN,"(5â­) Wonderful service with a perfect sales girl .. special thanks to hamidah - 4 months ago | (5â­) ""Excellent Experience at Fabian Perfume Shop!""I recently visited Fabian, and it was an outstanding experience from start to finish.

The ambiance of the store was welcoming and elegant, making it a pleasure to browse through the wide variety of perfumes. I appreciated the personalized service and attention to detail, which truly made the shopping experience special. - 6 months ago | (5â­) Mont ğŸ‘ - 5 months ago | (5â­) ğŸ‘ğŸ» - a year ago | (1â­) Worst restaurant - a year ago",FABIAN,+966 9200 19970,9200 19970,"Monday: 4:00â€‰â€“â€‰11:00â€¯PM, Tuesday: 4:00â€‰â€“â€‰11:00â€¯PM, Wednesday: 4:00â€‰â€“â€‰11:00â€¯PM, Thursday: 4:00â€‰â€“â€‰11:00â€¯PM, Friday: 4:00â€‰â€“â€‰11:00â€¯PM, Saturday: 4:00â€‰â€“â€‰11:00â€¯PM, Sunday: 4:00â€‰â€“â€‰11:00â€¯PM",clothing_store,"MQPG+MM, 6511 Eastern Ring Branch Rd, Ar Rawabi, Riyadh 14215, Saudi Arabia"
181,181,cross,(5â­) Good food - a year ago | (5â­) Goodâ¤ï¸ - 11 months ago,Othaim watch repair shop,+966 50 201 1248,050 201 1248,N/A,N/A,"Eastern ring road, MQWG+2F2ØŒ Ù…Ø®Ø±Ø¬ 14ØŒ Ø§Ù„Ø±ÙˆØ§Ø¨ÙŠØŒ Ø§Ù„Ø±ÙŠØ§Ø¶ 14215, Saudi Arabia"
182,182,Abdul Samad Al Qurashi,"(4â­) Inside Othaim mall. They have great deal and discounts so you should look at it. Different products from perfume and others. Staff are really nice and friendly. - 2 years ago | (5â­) The best fragrance shops in ksa - a year ago | (5â­) The best of the west âœ¨ğŸ’ - a month ago | (5â­) Safary crazy perfume am recommend - 5 years ago | (1â­) Wrong location!!! Itâ€™s inside AlOthaim Mall, through Gate #2 - 4 years ago",Abdul Samad Al Qurashi,+966 9200 07173,9200 07173,"Monday: 5:30â€‰â€“â€‰11:00â€¯AM, 11:30â€¯AMâ€‰â€“â€‰5:30â€¯PM, 8:00â€¯PMâ€‰â€“â€‰2:30â€¯AM, Tuesday: 5:30â€‰â€“â€‰11:00â€¯AM, 11:30â€¯AMâ€‰â€“â€‰5:30â€¯PM, 8:00â€¯PMâ€‰â€“â€‰2:30â€¯AM, Wednesday: 5:30â€‰â€“â€‰11:00â€¯AM, 11:30â€¯AMâ€‰â€“â€‰5:30â€¯PM, 8:00â€¯PMâ€‰â€“â€‰2:30â€¯AM, Thursday: 5:30â€‰â€“â€‰11:00â€¯AM, 11:30â€¯AMâ€‰â€“â€‰5:30â€¯PM, 8:00â€¯PMâ€‰â€“â€‰2:30â€¯AM, Friday: 5:30â€‰â€“â€‰11:00â€¯AM, 11:30â€¯AMâ€‰â€“â€‰5:30â€¯PM, 8:00â€¯PMâ€‰â€“â€‰2:30â€¯AM, Saturday: 5:30â€‰â€“â€‰11:00â€¯AM, 11:30â€¯AMâ€‰â€“â€‰5:30â€¯PM, 8:00â€¯PMâ€‰â€“â€‰2:30â€¯AM, Sunday: 5:30â€‰â€“â€‰11:00â€¯AM, 11:30â€¯AMâ€‰â€“â€‰5:30â€¯PM, 8:00â€¯PMâ€‰â€“â€‰2:30â€¯AM",clothing_store,"7HP8MQMG+Q6, Eastern Ring Rd, Ar Rabwah, Riyadh 12839, Saudi Arabia"
183,183,Ø¯Ø®ÙˆÙ† Ø§Ù„Ø¥Ù…Ø§Ø±Ø§ØªÙŠØ©,(5â­) Good food - a year ago | (5â­) Goodâ¤ï¸ - 11 months ago,Othaim watch repair shop,+966 50 201 1248,050 201 1248,N/A,N/A,"Eastern ring road, MQWG+2F2ØŒ Ù…Ø®Ø±Ø¬ 14ØŒ Ø§Ù„Ø±ÙˆØ§Ø¨ÙŠØŒ Ø§Ù„Ø±ÙŠØ§Ø¶ 14215, Saudi Arabia"
184,184,Falafel Pie I ÙØ·ÙŠØ±Ø© Ø§Ù„ÙÙ„Ø§ÙÙ„,(5â­) Very good restrent and very good restrent employee - a week ago | (5â­) So Nice ğŸ‘ğŸ™‚ - 4 months ago | (5â­) Very good food ğŸ˜‹ - 2 months ago | (1â­) Not good vehbahar very bed vehbahar - 5 months ago | (5â­) Very good service ğŸ‘ğŸ‘ - 3 months ago,Falafel Pie I ÙØ·ÙŠØ±Ø© Ø§Ù„ÙÙ„Ø§ÙÙ„,+966 53 555 1561,053 555 1561,"Monday: Open 24 hours, Tuesday: Open 24 hours, Wednesday: Open 24 hours, Thursday: Open 24 hours, Friday: 12:00â€‰â€“â€‰11:00â€¯AM, 1:00â€¯PMâ€‰â€“â€‰12:00â€¯AM, Saturday: Open 24 hours, Sunday: Open 24 hours",restaurant,"Abi Bakr As Siddiq Rd, Al Aarid, Riyadh 13335, Saudi Arabia"
185,185,Ø­Ù„ÙˆÙŠØ§Øª Ø³Ø¹Ø¯Ø§Ù„Ø¯ÙŠÙ† (Ø§Ù„Ø¹Ø«ÙŠÙ… Ù…ÙˆÙ„ Ø§Ù„Ø§Ø­Ø³Ø§Ø¡) saadeddin pastry,(5â­) Good food - a year ago | (5â­) Goodâ¤ï¸ - 11 months ago,Othaim watch repair shop,+966 50 201 1248,050 201 1248,N/A,N/A,"Eastern ring road, MQWG+2F2ØŒ Ù…Ø®Ø±Ø¬ 14ØŒ Ø§Ù„Ø±ÙˆØ§Ø¨ÙŠØŒ Ø§Ù„Ø±ÙŠØ§Ø¶ 14215, Saudi Arabia"
186,186,Ø¹Ø¨Ø§ÙŠØ§Øª Ù‡Ù„Ù†,No Reviews,Eastern Ring Branch Road & Exit 14,N/A,N/A,N/A,intersection,"Eastern Ring Branch Road & Exit 14, Ar Rabwah, Riyadh 12824, Saudi Arabia"
187,187,ÙƒÙ„Ø§ÙŠÙ ÙˆÙˆØ¯ | CLIVE WOOD - Ø¹Ø·ÙˆØ± ÙØ§Ø®Ø±Ø© Ø°Ø§Øª Ø¬ÙˆØ¯Ø© Ø¹Ø§Ù„ÙŠØ© ÙˆØ«Ø¨Ø§Øª Ø§Ø³ØªØ«Ù†Ø§Ø¦ÙŠ,No Reviews,Ar Rabwah,N/A,N/A,N/A,N/A,"Ar Rabwah, Riyadh Saudi Arabia"
188,188,Ù…Ø±ÙƒØ² Ø§Ù„Ù‡ÙˆØ¯Ø¬ Ø§Ù„Ù†Ø³Ø§Ø¦ÙŠ,No Reviews,Eastern Ring Branch Road & Exit 14,N/A,N/A,N/A,intersection,"Eastern Ring Branch Road & Exit 14, Ar Rabwah, Riyadh 12824, Saudi Arabia"
189,189,Max,(5â­) Good food - a year ago | (5â­) Goodâ¤ï¸ - 11 months ago,Othaim watch repair shop,+966 50 201 1248,050 201 1248,N/A,N/A,"Eastern ring road, MQWG+2F2ØŒ Ù…Ø®Ø±Ø¬ 14ØŒ Ø§Ù„Ø±ÙˆØ§Ø¨ÙŠØŒ Ø§Ù„Ø±ÙŠØ§Ø¶ 14215, Saudi Arabia"
190,190,Aloe Vera Pharmacy ØµÙŠØ¯Ù„ÙŠØ© Ø£Ù„ÙˆÙÙŠØ±Ø§ (Ø§Ù„ÙØ±Ø¹ Ø§Ù„Ø±Ø¦ÙŠØ³ÙŠ),No Reviews,Eastern Ring Branch Road & Exit 14,N/A,N/A,N/A,intersection,"Eastern Ring Branch Road & Exit 14, Ar Rabwah, Riyadh 12824, Saudi Arabia"
191,191,REDTAG,(5â­) Good food - a year ago | (5â­) Goodâ¤ï¸ - 11 months ago,Othaim watch repair shop,+966 50 201 1248,050 201 1248,N/A,N/A,"Eastern ring road, MQWG+2F2ØŒ Ù…Ø®Ø±Ø¬ 14ØŒ Ø§Ù„Ø±ÙˆØ§Ø¨ÙŠØŒ Ø§Ù„Ø±ÙŠØ§Ø¶ 14215, Saudi Arabia"
192,192,Cardial | ÙƒØ§Ø±Ø¯ÙŠØ§Ù„,(5â­) Good food - a year ago | (5â­) Goodâ¤ï¸ - 11 months ago,Othaim watch repair shop,+966 50 201 1248,050 201 1248,N/A,N/A,"Eastern ring road, MQWG+2F2ØŒ Ù…Ø®Ø±Ø¬ 14ØŒ Ø§Ù„Ø±ÙˆØ§Ø¨ÙŠØŒ Ø§Ù„Ø±ÙŠØ§Ø¶ 14215, Saudi Arabia"
193,193,Canton - ÙƒØ§Ù†ØªÙˆÙ†,(5â­) Good food - a year ago | (5â­) Goodâ¤ï¸ - 11 months ago,Othaim watch repair shop,+966 50 201 1248,050 201 1248,N/A,N/A,"Eastern ring road, MQWG+2F2ØŒ Ù…Ø®Ø±Ø¬ 14ØŒ Ø§Ù„Ø±ÙˆØ§Ø¨ÙŠØŒ Ø§Ù„Ø±ÙŠØ§Ø¶ 14215, Saudi Arabia"
194,194,Ø£Ø²Ø§Ù„,(5â­) Good food - a year ago | (5â­) Goodâ¤ï¸ - 11 months ago,Othaim watch repair shop,+966 50 201 1248,050 201 1248,N/A,N/A,"Eastern ring road, MQWG+2F2ØŒ Ù…Ø®Ø±Ø¬ 14ØŒ Ø§Ù„Ø±ÙˆØ§Ø¨ÙŠØŒ Ø§Ù„Ø±ÙŠØ§Ø¶ 14215, Saudi Arabia"
195,195,ÙØ§ÙŠÙ†Ø¯Ø±Ø§ Fayendra,(5â­) Good food - a year ago | (5â­) Goodâ¤ï¸ - 11 months ago,Othaim watch repair shop,+966 50 201 1248,050 201 1248,N/A,N/A,"Eastern ring road, MQWG+2F2ØŒ Ù…Ø®Ø±Ø¬ 14ØŒ Ø§Ù„Ø±ÙˆØ§Ø¨ÙŠØŒ Ø§Ù„Ø±ÙŠØ§Ø¶ 14215, Saudi Arabia"
196,196,In House - Ø¥Ù† Ù‡Ø§ÙˆØ³,"(4â­) Perfume is so good! but the girl serving us was extremely rude ğŸ˜¡ - 6 months ago | (5â­) Ø¹Ø±ÙˆØ¶Ù‡Ù… Ø§Ù„Ø±Ø§Ø¦Ø¹Ø© Ùˆ Ø§Ù„Ø±Ù‡ÙŠØ¨Ø© Ùˆ Ø­Ø³Ù† Ø§Ù„Ø§Ø³ØªÙ‚Ø¨Ø§Ù„ .
Ù…Ø­Ù„ Ø¬Ù…ÙŠÙ„ Ù„Ù„Ø¹Ø·ÙˆØ±Ø§Øª ÙˆØ§Ù„Ø´Ù…ÙˆØ¹ ÙˆÙƒØ±ÙŠÙ…Ø§Øª Ø§Ù„Ø¬Ø³Ù… Ù…ÙˆØ¬ÙˆØ¯ Ø¨Ø§Ø§Ù„Ø¹Ø«ÙŠÙ… Ø§Ù„Ø±Ø¨ÙˆØ© Ù…Ø®Ø±Ø¬ 14
Ø¨ÙˆØ§Ø¨Ø© ÙˆØ§Ø­Ø¯ .
Ø§Ø¹Ø¬Ø¨ØªÙ†ÙŠ Ø¹Ø±ÙˆØ¶Ù‡Ù… ÙˆØ®ØµÙˆØµØ§ Ø¹Ù„Ù‰ ÙƒØ±Ø§Ø³ÙŠ Ø§Ù„Ù„ÙŠØ²ÙŠ Ø¨ÙˆÙŠ ÙˆØ®Ø¯Ù…Ø§Øª Ø§Ù„ØªÙˆØµÙŠÙ„ Ø¹Ù†Ø¯Ù‡Ù… Ø³Ø±ÙŠØ¹Ù‡ ÙˆØ§Ù„ØªØ¹Ø§Ù…Ù„ Ù…Ø±ÙŠØ­ ÙˆØ®Ø§Ù…Ø§ØªÙ‡Ù… Ø­Ù„ÙˆÙ‡ . - a month ago | (4â­) Ù…Ø­Ù„ Ø¬Ù…ÙŠÙ„ Ù„Ù„Ø¹Ø·ÙˆØ±Ø§Øª ÙˆØ§Ù„Ø´Ù…ÙˆØ¹ ÙˆÙƒØ±ÙŠÙ…Ø§Øª Ø§Ù„Ø¬Ø³Ù… Ù…ÙˆØ¬ÙˆØ¯ Ø¨Ø§Ø§Ù„Ø¹Ø«ÙŠÙ… Ø§Ù„Ø±Ø¨ÙˆØ© Ù…Ø®Ø±Ø¬ 14
Ø¨ÙˆØ§Ø¨Ø© ÙˆØ§Ø­Ø¯ - 9 months ago | (1â­) ÙˆØ­Øª Ù„Ù‡Ù… Ø§Ù…Ø³ Ø§Ø´ØªØ±ÙŠØª Ø¨ 200 ÙˆØ´ÙˆÙŠÙ‡ ÙˆØ§ÙˆØµÙ„ Ø§Ù„Ø¨ÙŠØª Ø§Ù„Ø§Ù‚ÙŠ Ø§Ù„Ù…Ø¹Ø·Ø·Ø± ÙŠÙ†Ù‚Ø·Ø· ÙˆÙƒØªØ¨Øª Ù„Ù‡Ù… Ø§Ù†ÙŠ Ø±Ø­ØªÙ„ÙŠ Ø§Ù„ÙŠÙˆÙ… ÙˆÙ…Ù‚Ø¯Ø± Ø§Ø±Ø¬Ø¹ ÙÙŠ ÙØ±ÙˆØ¹ ÙØ¬Ø¯Ù‡ Ø§Ù‚Ø± Ø§Ø¨Ø¯Ù„Ù‡Ø§ Ø¹Ù†Ø¯Ù‡Ù… Ù‚Ø§Ù„ Ù„Ø§ØªØ±ÙˆØ­ÙŠÙ† Ø§Ù„ÙØ±Ø¹ Ø·ÙŠØ¨ Ø±Ø­Ù„ØªÙŠ Ù…Ù‚Ø¯Ø± Ø§Ø±ÙˆØ­Ù„Ù‡Ù… ØªØªØ¶Ø§Ø±Ø¨ Ø§Ù„Ø§ÙˆÙ‚Ø§Øª Ù„ÙƒÙ†Ù† Ø­Ø³Ø¨ÙŠ Ø§Ù„Ù„Ù‡ ÙˆÙ†Ø¹Ù… Ø§Ù„ÙˆÙƒÙŠÙ„ - 3 weeks ago | (5â­) Ø§ÙØ¶Ù„ Ù…Ø­Ù„ Ø§Ø­Ø¨Ù‡Ù… ÙˆØ§Ø­Ø¨ Ø¹Ø·ÙˆØ±Ø§Øª Ø§Ù„Ø´Ø¹Ø± Ø­Ù‚ØªÙ‡Ù… â¤ï¸â€ğŸ”¥ Ø´ÙƒØ±Ø§ Ù„Ø§Ø³Ø±Ø§Ø± ÙˆØ­ÙˆØ± Ø¹Ù„Ù‰ ÙˆÙ‚ÙŠ ØªØ¹Ø§Ù…Ù„Ù‡Ù… Ø§Ù„Ø¬Ù…ÙŠÙŠÙŠÙ„ Ù…Ø§Ù‚ØµØ±ÙˆØ§ Ù…Ø¹Ø§ÙŠ â¤ï¸â¤ï¸ - 3 weeks ago",Ø¥Ù† Ù‡Ø§ÙˆØ³,+966 50 349 2597,050 349 2597,N/A,store,"Othaim MallØŒ Exit 15ØŒ Eastern Ring Branch Rd, Ar Rabwah, Riyadh 12839, Saudi Arabia"
197,197,Ø¯Ø±Ø¹Ù‡ DERAAH,(5â­) Good food - a year ago | (5â­) Goodâ¤ï¸ - 11 months ago,Othaim watch repair shop,+966 50 201 1248,050 201 1248,N/A,N/A,"Eastern ring road, MQWG+2F2ØŒ Ù…Ø®Ø±Ø¬ 14ØŒ Ø§Ù„Ø±ÙˆØ§Ø¨ÙŠØŒ Ø§Ù„Ø±ÙŠØ§Ø¶ 14215, Saudi Arabia"
198,198,HARDEE''S,(5â­) Good food - a year ago | (5â­) Goodâ¤ï¸ - 11 months ago,Othaim watch repair shop,+966 50 201 1248,050 201 1248,N/A,N/A,"Eastern ring road, MQWG+2F2ØŒ Ù…Ø®Ø±Ø¬ 14ØŒ Ø§Ù„Ø±ÙˆØ§Ø¨ÙŠØŒ Ø§Ù„Ø±ÙŠØ§Ø¶ 14215, Saudi Arabia"
199,199,Kidzy | ÙƒÙŠØ¯Ø²ÙŠ,No Reviews,Eastern Ring Branch Road & Exit 14,N/A,N/A,N/A,intersection,"Eastern Ring Branch Road & Exit 14, Ar Rabwah, Riyadh 12824, Saudi Arabia"
200,200,Centrepoint,(5â­) Good food - a year ago | (5â­) Goodâ¤ï¸ - 11 months ago,Othaim watch repair shop,+966 50 201 1248,050 201 1248,N/A,N/A,"Eastern ring road, MQWG+2F2ØŒ Ù…Ø®Ø±Ø¬ 14ØŒ Ø§Ù„Ø±ÙˆØ§Ø¨ÙŠØŒ Ø§Ù„Ø±ÙŠØ§Ø¶ 14215, Saudi Arabia"
201,201,Casapasta | ÙƒØ§Ø²Ø§Ø¨Ø§Ø³ØªØ§,(5â­) Good food - a year ago | (5â­) Goodâ¤ï¸ - 11 months ago,Othaim watch repair shop,+966 50 201 1248,050 201 1248,N/A,N/A,"Eastern ring road, MQWG+2F2ØŒ Ù…Ø®Ø±Ø¬ 14ØŒ Ø§Ù„Ø±ÙˆØ§Ø¨ÙŠØŒ Ø§Ù„Ø±ÙŠØ§Ø¶ 14215, Saudi Arabia"
202,202,Ø¨ÙˆØ¨Ø§ÙŠØ² POPEYES,(5â­) Good food - a year ago | (5â­) Goodâ¤ï¸ - 11 months ago,Othaim watch repair shop,+966 50 201 1248,050 201 1248,N/A,N/A,"Eastern ring road, MQWG+2F2ØŒ Ù…Ø®Ø±Ø¬ 14ØŒ Ø§Ù„Ø±ÙˆØ§Ø¨ÙŠØŒ Ø§Ù„Ø±ÙŠØ§Ø¶ 14215, Saudi Arabia"
203,203,McDonald's,(5â­) Good food - a year ago | (5â­) Goodâ¤ï¸ - 11 months ago,Othaim watch repair shop,+966 50 201 1248,050 201 1248,N/A,N/A,"Eastern ring road, MQWG+2F2ØŒ Ù…Ø®Ø±Ø¬ 14ØŒ Ø§Ù„Ø±ÙˆØ§Ø¨ÙŠØŒ Ø§Ù„Ø±ÙŠØ§Ø¶ 14215, Saudi Arabia"
204,204,zyros | Ø²Ø§ÙŠØ±ÙˆØ³,(5â­) Good food - a year ago | (5â­) Goodâ¤ï¸ - 11 months ago,Othaim watch repair shop,+966 50 201 1248,050 201 1248,N/A,N/A,"Eastern ring road, MQWG+2F2ØŒ Ù…Ø®Ø±Ø¬ 14ØŒ Ø§Ù„Ø±ÙˆØ§Ø¨ÙŠØŒ Ø§Ù„Ø±ÙŠØ§Ø¶ 14215, Saudi Arabia"
205,205,Ø®ÙŠÙˆØ· Ø§Ù„Ø²Ø¹ÙØ±Ø§Ù†,(5â­) Good food - a year ago | (5â­) Goodâ¤ï¸ - 11 months ago,Othaim watch repair shop,+966 50 201 1248,050 201 1248,N/A,N/A,"Eastern ring road, MQWG+2F2ØŒ Ù…Ø®Ø±Ø¬ 14ØŒ Ø§Ù„Ø±ÙˆØ§Ø¨ÙŠØŒ Ø§Ù„Ø±ÙŠØ§Ø¶ 14215, Saudi Arabia"
206,206,KFC,(5â­) Good food - a year ago | (5â­) Goodâ¤ï¸ - 11 months ago,Othaim watch repair shop,+966 50 201 1248,050 201 1248,N/A,N/A,"Eastern ring road, MQWG+2F2ØŒ Ù…Ø®Ø±Ø¬ 14ØŒ Ø§Ù„Ø±ÙˆØ§Ø¨ÙŠØŒ Ø§Ù„Ø±ÙŠØ§Ø¶ 14215, Saudi Arabia"
207,207,Ù…Ø·Ø¹Ù… ÙƒØ§Ù† Ø²Ù…Ø§Ù†,(5â­) Good food - a year ago | (5â­) Goodâ¤ï¸ - 11 months ago,Othaim watch repair shop,+966 50 201 1248,050 201 1248,N/A,N/A,"Eastern ring road, MQWG+2F2ØŒ Ù…Ø®Ø±Ø¬ 14ØŒ Ø§Ù„Ø±ÙˆØ§Ø¨ÙŠØŒ Ø§Ù„Ø±ÙŠØ§Ø¶ 14215, Saudi Arabia"
208,208,Cafe De Ville,(5â­) Good food - a year ago | (5â­) Goodâ¤ï¸ - 11 months ago,Othaim watch repair shop,+966 50 201 1248,050 201 1248,N/A,N/A,"Eastern ring road, MQWG+2F2ØŒ Ù…Ø®Ø±Ø¬ 14ØŒ Ø§Ù„Ø±ÙˆØ§Ø¨ÙŠØŒ Ø§Ù„Ø±ÙŠØ§Ø¶ 14215, Saudi Arabia"
209,209,Dkhoun | Ø¯Ø®ÙˆÙ†,(5â­) Good food - a year ago | (5â­) Goodâ¤ï¸ - 11 months ago,Othaim watch repair shop,+966 50 201 1248,050 201 1248,N/A,N/A,"Eastern ring road, MQWG+2F2ØŒ Ù…Ø®Ø±Ø¬ 14ØŒ Ø§Ù„Ø±ÙˆØ§Ø¨ÙŠØŒ Ø§Ù„Ø±ÙŠØ§Ø¶ 14215, Saudi Arabia"
210,210,Ø§Ù„Ø¨Ù‚Ø´ÙŠ Ø°Ù‡Ø¨ ÙˆØ£Ù„Ù…Ø§Ø³ Al-Bagshi gold and diamonds,(5â­) Good food - a year ago | (5â­) Goodâ¤ï¸ - 11 months ago,Othaim watch repair shop,+966 50 201 1248,050 201 1248,N/A,N/A,"Eastern ring road, MQWG+2F2ØŒ Ù…Ø®Ø±Ø¬ 14ØŒ Ø§Ù„Ø±ÙˆØ§Ø¨ÙŠØŒ Ø§Ù„Ø±ÙŠØ§Ø¶ 14215, Saudi Arabia"
211,211,La Tavola,No Reviews,Eastern Ring Branch Road & Exit 14,N/A,N/A,N/A,intersection,"Eastern Ring Branch Road & Exit 14, Ar Rabwah, Riyadh 12824, Saudi Arabia"
212,212,Ø³ÙÙˆØ±ÙŠ Ù„Ø§Ù†Ø¯ | Safforiland,(5â­) Good food - a year ago | (5â­) Goodâ¤ï¸ - 11 months ago,Othaim watch repair shop,+966 50 201 1248,050 201 1248,N/A,N/A,"Eastern ring road, MQWG+2F2ØŒ Ù…Ø®Ø±Ø¬ 14ØŒ Ø§Ù„Ø±ÙˆØ§Ø¨ÙŠØŒ Ø§Ù„Ø±ÙŠØ§Ø¶ 14215, Saudi Arabia"
213,213,Bath & Body Works,"(5â­) One SA named Reem is polite to customers, accommodating and helpful in choosing the best options for our needs. - 2 months ago | (5â­) Great service I was welcomed by Dana sheâ€™s patient and helpful I was asking so many questions lol but she was patient and helped me through itğŸŒ¹great worker - 4 months ago | (5â­) Love this deodorant, This perfume comes with an irresistibly sweet fragrance, which is a blend of some apples and wild flowers.
The refreshing fragrance of the perfume is one thing that makes it among the best perfumes. Youâ€™d love wearing this perfume since it lasts for about 12 hours. Obviously, it will take you through the day without the need for respraying it. - 5 years ago | (5â­) Amazing candles , all range is so good gingham , cherry blossom,amber is my favorite for mist and body lotion , hand wash are wonderful if you havenâ€™t tried there products please try soon . They have amazing discounts too.check nearest store or online . - 3 years ago | (5â­) Dana and lulwa were incredible! thank you so much - 4 months ago",Bath & Body Works,+966 11 510 1482,011 510 1482,"Monday: 9:30â€¯AMâ€‰â€“â€‰11:00â€¯PM, Tuesday: 9:30â€¯AMâ€‰â€“â€‰11:00â€¯PM, Wednesday: 9:30â€¯AMâ€‰â€“â€‰11:00â€¯PM, Thursday: 9:30â€¯AMâ€‰â€“â€‰11:00â€¯PM, Friday: 1:30â€‰â€“â€‰11:00â€¯PM, Saturday: 9:30â€¯AMâ€‰â€“â€‰11:00â€¯PM, Sunday: 9:30â€¯AMâ€‰â€“â€‰11:00â€¯PM",store,"Othaim Mall, Eastern Ring Branch Rd, Ar Rabwah, Riyadh 12839, Saudi Arabia"
214,214,Empire cinema alahsa,No Reviews,Eastern Ring Branch Road & Exit 14,N/A,N/A,N/A,intersection,"Eastern Ring Branch Road & Exit 14, Ar Rabwah, Riyadh 12824, Saudi Arabia"
215,215,Ø³ÙˆÙŠØª Ù‡Ø§ÙˆØ³ ÙØ±Ø¹ Ø§Ù„Ù‡ÙÙˆÙ,No Reviews,Al Hofuf,N/A,N/A,N/A,N/A,Al Hofuf Saudi Arabia
216,216,Tim Hortons,(5â­) Good food - a year ago | (5â­) Goodâ¤ï¸ - 11 months ago,Othaim watch repair shop,+966 50 201 1248,050 201 1248,N/A,N/A,"Eastern ring road, MQWG+2F2ØŒ Ù…Ø®Ø±Ø¬ 14ØŒ Ø§Ù„Ø±ÙˆØ§Ø¨ÙŠØŒ Ø§Ù„Ø±ÙŠØ§Ø¶ 14215, Saudi Arabia"
217,217,eyewa Ahsa Othaim Mall - Ø§ÙŠÙˆØ§ Ø§Ù„Ø¹Ø«ÙŠÙ… Ù…ÙˆÙ„ Ø§Ù„Ø§Ø­Ø³Ø§Ø¡,(5â­) Good food - a year ago | (5â­) Goodâ¤ï¸ - 11 months ago,Othaim watch repair shop,+966 50 201 1248,050 201 1248,N/A,N/A,"Eastern ring road, MQWG+2F2ØŒ Ù…Ø®Ø±Ø¬ 14ØŒ Ø§Ù„Ø±ÙˆØ§Ø¨ÙŠØŒ Ø§Ù„Ø±ÙŠØ§Ø¶ 14215, Saudi Arabia"
218,218,Ø§Ù„Ø¹Ø«ÙŠÙ… Ø¨ÙˆØ§Ø¨Ø© Ø±Ù‚Ù… 4,(5â­) Good food - a year ago | (5â­) Goodâ¤ï¸ - 11 months ago,Othaim watch repair shop,+966 50 201 1248,050 201 1248,N/A,N/A,"Eastern ring road, MQWG+2F2ØŒ Ù…Ø®Ø±Ø¬ 14ØŒ Ø§Ù„Ø±ÙˆØ§Ø¨ÙŠØŒ Ø§Ù„Ø±ÙŠØ§Ø¶ 14215, Saudi Arabia"
219,219,Ø§Ø³ÙˆØ§Ù‚ Ø§Ù„Ø¹Ø«ÙŠÙ… | Othaim Markets,(5â­) Good food - a year ago | (5â­) Goodâ¤ï¸ - 11 months ago,Othaim watch repair shop,+966 50 201 1248,050 201 1248,N/A,N/A,"Eastern ring road, MQWG+2F2ØŒ Ù…Ø®Ø±Ø¬ 14ØŒ Ø§Ù„Ø±ÙˆØ§Ø¨ÙŠØŒ Ø§Ù„Ø±ÙŠØ§Ø¶ 14215, Saudi Arabia"
220,220,Othaim Markets,(5â­) Good food - a year ago | (5â­) Goodâ¤ï¸ - 11 months ago,Othaim watch repair shop,+966 50 201 1248,050 201 1248,N/A,N/A,"Eastern ring road, MQWG+2F2ØŒ Ù…Ø®Ø±Ø¬ 14ØŒ Ø§Ù„Ø±ÙˆØ§Ø¨ÙŠØŒ Ø§Ù„Ø±ÙŠØ§Ø¶ 14215, Saudi Arabia"
221,221,Othaim Markets,(5â­) Good food - a year ago | (5â­) Goodâ¤ï¸ - 11 months ago,Othaim watch repair shop,+966 50 201 1248,050 201 1248,N/A,N/A,"Eastern ring road, MQWG+2F2ØŒ Ù…Ø®Ø±Ø¬ 14ØŒ Ø§Ù„Ø±ÙˆØ§Ø¨ÙŠØŒ Ø§Ù„Ø±ÙŠØ§Ø¶ 14215, Saudi Arabia"
222,222,Ø§Ø³ÙˆØ§Ù‚ Ø§Ù„Ø¹Ø«ÙŠÙ… | Othaim Markets,(5â­) Good food - a year ago | (5â­) Goodâ¤ï¸ - 11 months ago,Othaim watch repair shop,+966 50 201 1248,050 201 1248,N/A,N/A,"Eastern ring road, MQWG+2F2ØŒ Ù…Ø®Ø±Ø¬ 14ØŒ Ø§Ù„Ø±ÙˆØ§Ø¨ÙŠØŒ Ø§Ù„Ø±ÙŠØ§Ø¶ 14215, Saudi Arabia"
223,223,Ø§Ø³ÙˆØ§Ù‚ Ø§Ù„Ø¹Ø«ÙŠÙ… | Othaim Markets,(5â­) Good food - a year ago | (5â­) Goodâ¤ï¸ - 11 months ago,Othaim watch repair shop,+966 50 201 1248,050 201 1248,N/A,N/A,"Eastern ring road, MQWG+2F2ØŒ Ù…Ø®Ø±Ø¬ 14ØŒ Ø§Ù„Ø±ÙˆØ§Ø¨ÙŠØŒ Ø§Ù„Ø±ÙŠØ§Ø¶ 14215, Saudi Arabia"
224,224,Ø§Ù„Ø¹Ø«ÙŠÙ… Ø³ÙŠØ±ÙƒÙ„,(5â­) Good food - a year ago | (5â­) Goodâ¤ï¸ - 11 months ago,Othaim watch repair shop,+966 50 201 1248,050 201 1248,N/A,N/A,"Eastern ring road, MQWG+2F2ØŒ Ù…Ø®Ø±Ø¬ 14ØŒ Ø§Ù„Ø±ÙˆØ§Ø¨ÙŠØŒ Ø§Ù„Ø±ÙŠØ§Ø¶ 14215, Saudi Arabia"
225,225,Ø§Ø³ÙˆØ§Ù‚ Ø§Ù„Ø¹Ø«ÙŠÙ… | Othaim Markets,(5â­) Good food - a year ago | (5â­) Goodâ¤ï¸ - 11 months ago,Othaim watch repair shop,+966 50 201 1248,050 201 1248,N/A,N/A,"Eastern ring road, MQWG+2F2ØŒ Ù…Ø®Ø±Ø¬ 14ØŒ Ø§Ù„Ø±ÙˆØ§Ø¨ÙŠØŒ Ø§Ù„Ø±ÙŠØ§Ø¶ 14215, Saudi Arabia"
226,226,Othaim Markets,(5â­) Good food - a year ago | (5â­) Goodâ¤ï¸ - 11 months ago,Othaim watch repair shop,+966 50 201 1248,050 201 1248,N/A,N/A,"Eastern ring road, MQWG+2F2ØŒ Ù…Ø®Ø±Ø¬ 14ØŒ Ø§Ù„Ø±ÙˆØ§Ø¨ÙŠØŒ Ø§Ù„Ø±ÙŠØ§Ø¶ 14215, Saudi Arabia"
227,227,Othaim Markets,(5â­) Good food - a year ago | (5â­) Goodâ¤ï¸ - 11 months ago,Othaim watch repair shop,+966 50 201 1248,050 201 1248,N/A,N/A,"Eastern ring road, MQWG+2F2ØŒ Ù…Ø®Ø±Ø¬ 14ØŒ Ø§Ù„Ø±ÙˆØ§Ø¨ÙŠØŒ Ø§Ù„Ø±ÙŠØ§Ø¶ 14215, Saudi Arabia"
228,228,Ø§Ø³ÙˆØ§Ù‚ Ø§Ù„Ø¹Ø«ÙŠÙ… | Othaim Markets,(5â­) Good food - a year ago | (5â­) Goodâ¤ï¸ - 11 months ago,Othaim watch repair shop,+966 50 201 1248,050 201 1248,N/A,N/A,"Eastern ring road, MQWG+2F2ØŒ Ù…Ø®Ø±Ø¬ 14ØŒ Ø§Ù„Ø±ÙˆØ§Ø¨ÙŠØŒ Ø§Ù„Ø±ÙŠØ§Ø¶ 14215, Saudi Arabia"
229,229,Ø§Ø³ÙˆØ§Ù‚ Ø§Ù„Ø¹Ø«ÙŠÙ… | Othaim Markets,(5â­) Good food - a year ago | (5â­) Goodâ¤ï¸ - 11 months ago,Othaim watch repair shop,+966 50 201 1248,050 201 1248,N/A,N/A,"Eastern ring road, MQWG+2F2ØŒ Ù…Ø®Ø±Ø¬ 14ØŒ Ø§Ù„Ø±ÙˆØ§Ø¨ÙŠØŒ Ø§Ù„Ø±ÙŠØ§Ø¶ 14215, Saudi Arabia"
230,230,Ø§Ø³ÙˆØ§Ù‚ Ø§Ù„Ø¹Ø«ÙŠÙ… | Othaim Markets,(5â­) Good food - a year ago | (5â­) Goodâ¤ï¸ - 11 months ago,Othaim watch repair shop,+966 50 201 1248,050 201 1248,N/A,N/A,"Eastern ring road, MQWG+2F2ØŒ Ù…Ø®Ø±Ø¬ 14ØŒ Ø§Ù„Ø±ÙˆØ§Ø¨ÙŠØŒ Ø§Ù„Ø±ÙŠØ§Ø¶ 14215, Saudi Arabia"
231,231,Othaim Markets,(5â­) Good food - a year ago | (5â­) Goodâ¤ï¸ - 11 months ago,Othaim watch repair shop,+966 50 201 1248,050 201 1248,N/A,N/A,"Eastern ring road, MQWG+2F2ØŒ Ù…Ø®Ø±Ø¬ 14ØŒ Ø§Ù„Ø±ÙˆØ§Ø¨ÙŠØŒ Ø§Ù„Ø±ÙŠØ§Ø¶ 14215, Saudi Arabia"
232,232,Ø§Ø³ÙˆØ§Ù‚ Ø§Ù„Ø¹Ø«ÙŠÙ… | Othaim Markets,(5â­) Good food - a year ago | (5â­) Goodâ¤ï¸ - 11 months ago,Othaim watch repair shop,+966 50 201 1248,050 201 1248,N/A,N/A,"Eastern ring road, MQWG+2F2ØŒ Ù…Ø®Ø±Ø¬ 14ØŒ Ø§Ù„Ø±ÙˆØ§Ø¨ÙŠØŒ Ø§Ù„Ø±ÙŠØ§Ø¶ 14215, Saudi Arabia"
233,233,Ø§Ø³ÙˆØ§Ù‚ Ø§Ù„Ø¹Ø«ÙŠÙ… | Othaim Markets,(5â­) Good food - a year ago | (5â­) Goodâ¤ï¸ - 11 months ago,Othaim watch repair shop,+966 50 201 1248,050 201 1248,N/A,N/A,"Eastern ring road, MQWG+2F2ØŒ Ù…Ø®Ø±Ø¬ 14ØŒ Ø§Ù„Ø±ÙˆØ§Ø¨ÙŠØŒ Ø§Ù„Ø±ÙŠØ§Ø¶ 14215, Saudi Arabia"
234,234,Othaim Markets (City),(1â­) Ø§Ù„Ù…ÙˆÙ‚Ø¹  ØºÙŠØ± ØµØ­ÙŠØ­ - 11 months ago | (1â­) Ø³ÙŠØ¦Ø© Ø¬Ø¯Ø§ - 10 months ago | (3â­) No Review - 2 weeks ago | (5â­) No Review - a month ago | (1â­) No Review - a year ago,Othaim Markets (city),+966 9200 00702,9200 00702,"Monday: 7:00â€¯AMâ€‰â€“â€‰2:00â€¯AM, Tuesday: 7:00â€¯AMâ€‰â€“â€‰2:00â€¯AM, Wednesday: 7:00â€¯AMâ€‰â€“â€‰2:00â€¯AM, Thursday: 7:00â€¯AMâ€‰â€“â€‰2:00â€¯AM, Friday: 7:00â€‰â€“â€‰10:30â€¯AM, 12:30â€¯PMâ€‰â€“â€‰2:00â€¯AM, Saturday: 7:00â€¯AMâ€‰â€“â€‰2:00â€¯AM, Sunday: 7:00â€¯AMâ€‰â€“â€‰2:00â€¯AM",grocery_store,"Eastern Ring Rd, Al Quds, Riyadh 11564, Saudi Arabia"
235,235,mica - Othaim Mall Al Hasa,(5â­) Good food - a year ago | (5â­) Goodâ¤ï¸ - 11 months ago,Othaim watch repair shop,+966 50 201 1248,050 201 1248,N/A,N/A,"Eastern ring road, MQWG+2F2ØŒ Ù…Ø®Ø±Ø¬ 14ØŒ Ø§Ù„Ø±ÙˆØ§Ø¨ÙŠØŒ Ø§Ù„Ø±ÙŠØ§Ø¶ 14215, Saudi Arabia"
236,236,Ø§Ø³ÙˆØ§Ù‚ Ø§Ù„Ø¹Ø«ÙŠÙ… | Othaim Markets,(5â­) Good food - a year ago | (5â­) Goodâ¤ï¸ - 11 months ago,Othaim watch repair shop,+966 50 201 1248,050 201 1248,N/A,N/A,"Eastern ring road, MQWG+2F2ØŒ Ù…Ø®Ø±Ø¬ 14ØŒ Ø§Ù„Ø±ÙˆØ§Ø¨ÙŠØŒ Ø§Ù„Ø±ÙŠØ§Ø¶ 14215, Saudi Arabia"
237,237,Al Othaim Park,(5â­) Good food - a year ago | (5â­) Goodâ¤ï¸ - 11 months ago,Othaim watch repair shop,+966 50 201 1248,050 201 1248,N/A,N/A,"Eastern ring road, MQWG+2F2ØŒ Ù…Ø®Ø±Ø¬ 14ØŒ Ø§Ù„Ø±ÙˆØ§Ø¨ÙŠØŒ Ø§Ù„Ø±ÙŠØ§Ø¶ 14215, Saudi Arabia"
238,238,Ø§Ø³ÙˆØ§Ù‚ Ø§Ù„Ø¹Ø«ÙŠÙ… | Othaim markets,(5â­) Good food - a year ago | (5â­) Goodâ¤ï¸ - 11 months ago,Othaim watch repair shop,+966 50 201 1248,050 201 1248,N/A,N/A,"Eastern ring road, MQWG+2F2ØŒ Ù…Ø®Ø±Ø¬ 14ØŒ Ø§Ù„Ø±ÙˆØ§Ø¨ÙŠØŒ Ø§Ù„Ø±ÙŠØ§Ø¶ 14215, Saudi Arabia"
239,239,Ø§Ø³ÙˆØ§Ù‚ Ø§Ù„Ø¹Ø«ÙŠÙ… | Othaim Markets,(5â­) Good food - a year ago | (5â­) Goodâ¤ï¸ - 11 months ago,Othaim watch repair shop,+966 50 201 1248,050 201 1248,N/A,N/A,"Eastern ring road, MQWG+2F2ØŒ Ù…Ø®Ø±Ø¬ 14ØŒ Ø§Ù„Ø±ÙˆØ§Ø¨ÙŠØŒ Ø§Ù„Ø±ÙŠØ§Ø¶ 14215, Saudi Arabia"
240,240,Othaim Markets,(5â­) Good food - a year ago | (5â­) Goodâ¤ï¸ - 11 months ago,Othaim watch repair shop,+966 50 201 1248,050 201 1248,N/A,N/A,"Eastern ring road, MQWG+2F2ØŒ Ù…Ø®Ø±Ø¬ 14ØŒ Ø§Ù„Ø±ÙˆØ§Ø¨ÙŠØŒ Ø§Ù„Ø±ÙŠØ§Ø¶ 14215, Saudi Arabia"
241,241,Ø§Ø³ÙˆØ§Ù‚ Ø§Ù„Ø¹Ø«ÙŠÙ… | Othaim Markets,(5â­) Good food - a year ago | (5â­) Goodâ¤ï¸ - 11 months ago,Othaim watch repair shop,+966 50 201 1248,050 201 1248,N/A,N/A,"Eastern ring road, MQWG+2F2ØŒ Ù…Ø®Ø±Ø¬ 14ØŒ Ø§Ù„Ø±ÙˆØ§Ø¨ÙŠØŒ Ø§Ù„Ø±ÙŠØ§Ø¶ 14215, Saudi Arabia"
242,242,Ø§Ø³ÙˆØ§Ù‚ Ø§Ù„Ø¹Ø«ÙŠÙ… | Othaim Markets,(5â­) Good food - a year ago | (5â­) Goodâ¤ï¸ - 11 months ago,Othaim watch repair shop,+966 50 201 1248,050 201 1248,N/A,N/A,"Eastern ring road, MQWG+2F2ØŒ Ù…Ø®Ø±Ø¬ 14ØŒ Ø§Ù„Ø±ÙˆØ§Ø¨ÙŠØŒ Ø§Ù„Ø±ÙŠØ§Ø¶ 14215, Saudi Arabia"
243,243,AL Othaim Mall,(5â­) Good food - a year ago | (5â­) Goodâ¤ï¸ - 11 months ago,Othaim watch repair shop,+966 50 201 1248,050 201 1248,N/A,N/A,"Eastern ring road, MQWG+2F2ØŒ Ù…Ø®Ø±Ø¬ 14ØŒ Ø§Ù„Ø±ÙˆØ§Ø¨ÙŠØŒ Ø§Ù„Ø±ÙŠØ§Ø¶ 14215, Saudi Arabia"
244,244,Othaim Markets,(5â­) Good food - a year ago | (5â­) Goodâ¤ï¸ - 11 months ago,Othaim watch repair shop,+966 50 201 1248,050 201 1248,N/A,N/A,"Eastern ring road, MQWG+2F2ØŒ Ù…Ø®Ø±Ø¬ 14ØŒ Ø§Ù„Ø±ÙˆØ§Ø¨ÙŠØŒ Ø§Ù„Ø±ÙŠØ§Ø¶ 14215, Saudi Arabia"
245,245,Al Othaim Mall,(5â­) Good food - a year ago | (5â­) Goodâ¤ï¸ - 11 months ago,Othaim watch repair shop,+966 50 201 1248,050 201 1248,N/A,N/A,"Eastern ring road, MQWG+2F2ØŒ Ù…Ø®Ø±Ø¬ 14ØŒ Ø§Ù„Ø±ÙˆØ§Ø¨ÙŠØŒ Ø§Ù„Ø±ÙŠØ§Ø¶ 14215, Saudi Arabia"
246,246,Othaim Mall,(5â­) Good food - a year ago | (5â­) Goodâ¤ï¸ - 11 months ago,Othaim watch repair shop,+966 50 201 1248,050 201 1248,N/A,N/A,"Eastern ring road, MQWG+2F2ØŒ Ù…Ø®Ø±Ø¬ 14ØŒ Ø§Ù„Ø±ÙˆØ§Ø¨ÙŠØŒ Ø§Ù„Ø±ÙŠØ§Ø¶ 14215, Saudi Arabia"
247,247,Al Othaim Mall,(5â­) Good food - a year ago | (5â­) Goodâ¤ï¸ - 11 months ago,Othaim watch repair shop,+966 50 201 1248,050 201 1248,N/A,N/A,"Eastern ring road, MQWG+2F2ØŒ Ù…Ø®Ø±Ø¬ 14ØŒ Ø§Ù„Ø±ÙˆØ§Ø¨ÙŠØŒ Ø§Ù„Ø±ÙŠØ§Ø¶ 14215, Saudi Arabia"
248,248,Othaim Mall,(5â­) Good food - a year ago | (5â­) Goodâ¤ï¸ - 11 months ago,Othaim watch repair shop,+966 50 201 1248,050 201 1248,N/A,N/A,"Eastern ring road, MQWG+2F2ØŒ Ù…Ø®Ø±Ø¬ 14ØŒ Ø§Ù„Ø±ÙˆØ§Ø¨ÙŠØŒ Ø§Ù„Ø±ÙŠØ§Ø¶ 14215, Saudi Arabia"
